,0,1,階,賃料/管理費,敷金/礼金,間取り/専有面積,6,お気に入り,8,NewArrival,RoomDetailLink,マンション名,住所,最寄り駅,築年数,建物高さ,SearchURL
0,"
 
","




","
											2階","

5万円
3000円

","

5万円
-

","

1K
16.52m2

","


","



追加

追加

","
詳細を見る
												お問い合わせ
													(無料)

",Exsiting,https://suumo.jp/chintai/jnc_000064346091/?bc=100342702450,メゾン松原,東京都中野区白鷺１,西武新宿線/鷺ノ宮駅 歩1分 --- 西武新宿線/都立家政駅 歩9分 --- ＪＲ中央線/阿佐ケ谷駅 歩25分,築62年,2階建,https://suumo.jp/jj/chintai/ichiran/FR301FC001/?ar=030&bs=040&ta=13&sc=13114&oz=13114007&cb=0.0&ct=9999999&mb=0&mt=9999999&et=9999999&cn=9999999&shkr1=03&shkr2=03&shkr3=03&shkr4=03&sngz=&po1=25&pc=50&page=1
1,"
 
","




","
											3階","

12万円
5000円

","

12万円
12万円

","

2DK
47.75m2

","


","



追加

追加

","
詳細を見る
												お問い合わせ
													(無料)

",Exsiting,https://suumo.jp/chintai/jnc_000089122732/?bc=100370433047,白鷺1丁目マンション,東京都中野区白鷺１,西武新宿線/鷺ノ宮駅 歩7分 --- ＪＲ中央線/阿佐ケ谷駅 歩23分 --- ,築54年,4階建,https://suumo.jp/jj/chintai/ichiran/FR301FC001/?ar=030&bs=040&ta=13&sc=13114&oz=13114007&cb=0.0&ct=9999999&mb=0&mt=9999999&et=9999999&cn=9999999&shkr1=03&shkr2=03&shkr3=03&shkr4=03&sngz=&po1=25&pc=50&page=1
2,"
 
","




","
											2階","

3.8万円
2000円

","

3.8万円
-

","

ワンルーム
15.18m2

","

パノラマ

","



追加

追加

","
詳細を見る
												お問い合わせ
													(無料)

",Exsiting,https://suumo.jp/chintai/jnc_000088724948/?bc=100277736279,ホサカ白鷺荘,東京都中野区白鷺３,西武新宿線/鷺ノ宮駅 歩8分 --- 西武新宿線/下井草駅 歩9分 --- ＪＲ総武線/阿佐ケ谷駅 歩29分,築51年,2階建,https://suumo.jp/jj/chintai/ichiran/FR301FC001/?ar=030&bs=040&ta=13&sc=13114&oz=13114007&cb=0.0&ct=9999999&mb=0&mt=9999999&et=9999999&cn=9999999&shkr1=03&shkr2=03&shkr3=03&shkr4=03&sngz=&po1=25&pc=50&page=1
3,"
 
","




","
											2階","

4万円
3000円

","

4万円
4万円

","

ワンルーム
15.14m2

","


","



追加

追加

","
詳細を見る
												お問い合わせ
													(無料)

",Exsiting,https://suumo.jp/chintai/jnc_000088724948/?bc=100277736279,ホサカ白鷺荘,東京都中野区白鷺３,西武新宿線/鷺ノ宮駅 歩8分 --- 西武新宿線/下井草駅 歩9分 --- ＪＲ総武線/阿佐ケ谷駅 歩29分,築51年,2階建,https://suumo.jp/jj/chintai/ichiran/FR301FC001/?ar=030&bs=040&ta=13&sc=13114&oz=13114007&cb=0.0&ct=9999999&mb=0&mt=9999999&et=9999999&cn=9999999&shkr1=03&shkr2=03&shkr3=03&shkr4=03&sngz=&po1=25&pc=50&page=1
4,"
 
","




","
											2階","

5.1万円
2000円

","

5.1万円
-

","

ワンルーム
15.18m2

","


","



追加

追加

","
詳細を見る
												お問い合わせ
													(無料)

",Exsiting,https://suumo.jp/chintai/jnc_000088724948/?bc=100277736279,ホサカ白鷺荘,東京都中野区白鷺３,西武新宿線/鷺ノ宮駅 歩8分 --- 西武新宿線/下井草駅 歩9分 --- ＪＲ総武線/阿佐ケ谷駅 歩29分,築51年,2階建,https://suumo.jp/jj/chintai/ichiran/FR301FC001/?ar=030&bs=040&ta=13&sc=13114&oz=13114007&cb=0.0&ct=9999999&mb=0&mt=9999999&et=9999999&cn=9999999&shkr1=03&shkr2=03&shkr3=03&shkr4=03&sngz=&po1=25&pc=50&page=1
5,"
 
","




","
											3階","

4.9万円
3000円

","

-
-

","

1K
17.35m2

","

動画
パノラマ

","



追加

追加

","
詳細を見る
												お問い合わせ
													(無料)

",Exsiting,https://suumo.jp/chintai/jnc_000090045717/?bc=100377132072,Gメゾン鷺宮,東京都中野区白鷺１,西武新宿線/鷺ノ宮駅 歩5分 --- 西武新宿線/都立家政駅 歩12分 --- ＪＲ中央線/阿佐ケ谷駅 歩24分,築54年,4階建,https://suumo.jp/jj/chintai/ichiran/FR301FC001/?ar=030&bs=040&ta=13&sc=13114&oz=13114007&cb=0.0&ct=9999999&mb=0&mt=9999999&et=9999999&cn=9999999&shkr1=03&shkr2=03&shkr3=03&shkr4=03&sngz=&po1=25&pc=50&page=1
6,"
 
","




","
											3階","

4.9万円
3000円

","

-
-

","

1K
17.35m2

","


","



追加

追加

","
詳細を見る
												お問い合わせ
													(無料)

",Exsiting,https://suumo.jp/chintai/jnc_000090054839/?bc=100377236373,西武新宿線 鷺ノ宮駅 4階建 築54年,東京都中野区白鷺１,西武新宿線/鷺ノ宮駅 歩5分 --- ＪＲ中央線/阿佐ケ谷駅 バス5分 (バス停)白鷺二丁目 歩1分 --- ＪＲ総武線/高円寺駅 歩29分,築54年,4階建,https://suumo.jp/jj/chintai/ichiran/FR301FC001/?ar=030&bs=040&ta=13&sc=13114&oz=13114007&cb=0.0&ct=9999999&mb=0&mt=9999999&et=9999999&cn=9999999&shkr1=03&shkr2=03&shkr3=03&shkr4=03&sngz=&po1=25&pc=50&page=1
7,"
 
","




","
											1階","

7.7万円
3000円

","

7.7万円
-

","

1DK
30.05m2

","

動画

","



追加

追加

","
詳細を見る
												お問い合わせ
													(無料)

",Exsiting,https://suumo.jp/chintai/jnc_000085902442/?bc=100357498033,白鷺ハイツ,東京都中野区白鷺２,西武新宿線/鷺ノ宮駅 歩5分 --- 西武新宿線/都立家政駅 歩11分 --- ＪＲ中央線/阿佐ケ谷駅 歩24分,築53年,3階建,https://suumo.jp/jj/chintai/ichiran/FR301FC001/?ar=030&bs=040&ta=13&sc=13114&oz=13114007&cb=0.0&ct=9999999&mb=0&mt=9999999&et=9999999&cn=9999999&shkr1=03&shkr2=03&shkr3=03&shkr4=03&sngz=&po1=25&pc=50&page=1
8,"
 
","




","
											3階","

6.7万円
-

","

6.7万円
-

","

1K
30m2

","


","



追加

追加

","
詳細を見る
												お問い合わせ
													(無料)

",Exsiting,https://suumo.jp/chintai/jnc_000089157181/?bc=100370629019,カーサ中野,東京都中野区白鷺１,西武新宿線/鷺ノ宮駅 歩5分 --- ＪＲ中央線/阿佐ケ谷駅 歩18分 --- ＪＲ総武線/阿佐ケ谷駅 歩18分,築47年,地下1地上4階建,https://suumo.jp/jj/chintai/ichiran/FR301FC001/?ar=030&bs=040&ta=13&sc=13114&oz=13114007&cb=0.0&ct=9999999&mb=0&mt=9999999&et=9999999&cn=9999999&shkr1=03&shkr2=03&shkr3=03&shkr4=03&sngz=&po1=25&pc=50&page=1
9,"
 
","




","
											2階","

5.6万円
-

","

5.6万円
-

","

1K
21m2

","


","



追加

追加

","
詳細を見る
												お問い合わせ
													(無料)

",Exsiting,https://suumo.jp/chintai/jnc_000073875274/?bc=100369506138,西武新宿線 鷺ノ宮駅 2階建 築46年,東京都中野区白鷺１,西武新宿線/鷺ノ宮駅 歩5分 --- ＪＲ中央線/阿佐ケ谷駅 バス6分 (バス停)白鷺二丁目 歩3分 --- 西武池袋線/中村橋駅 歩25分,築46年,2階建,https://suumo.jp/jj/chintai/ichiran/FR301FC001/?ar=030&bs=040&ta=13&sc=13114&oz=13114007&cb=0.0&ct=9999999&mb=0&mt=9999999&et=9999999&cn=9999999&shkr1=03&shkr2=03&shkr3=03&shkr4=03&sngz=&po1=25&pc=50&page=1
10,"
 
","




","
											3階","

5.8万円
-

","

5.8万円
-

","

1K
17.05m2

","


","



追加

追加

","
詳細を見る
												お問い合わせ
													(無料)

",Exsiting,https://suumo.jp/chintai/jnc_000089866047/?bc=100375670634,西武新宿線 下井草駅 3階建 築45年,東京都中野区白鷺３,西武新宿線/下井草駅 歩6分 --- ＪＲ中央線/阿佐ケ谷駅 バス11分 (バス停)下井草郵便局（バス） 歩6分 --- 西武新宿線/鷺ノ宮駅 歩14分,築45年,3階建,https://suumo.jp/jj/chintai/ichiran/FR301FC001/?ar=030&bs=040&ta=13&sc=13114&oz=13114007&cb=0.0&ct=9999999&mb=0&mt=9999999&et=9999999&cn=9999999&shkr1=03&shkr2=03&shkr3=03&shkr4=03&sngz=&po1=25&pc=50&page=1
11,"
 
","




","
											-","

30万円
-

","

30万円
-

","

5LDK
110.98m2

","


","



追加

追加

","
詳細を見る
												お問い合わせ
													(無料)

",New,https://suumo.jp/chintai/jnc_000089482177/?bc=100381960239,白鷺戸建,東京都中野区白鷺２,西武新宿線/鷺ノ宮駅 歩12分 --- 西武新宿線/下井草駅 歩15分 --- ＪＲ中央線/阿佐ケ谷駅 バス9分 (バス停)白鷺二丁目 歩3分,築32年,2階建,https://suumo.jp/jj/chintai/ichiran/FR301FC001/?ar=030&bs=040&ta=13&sc=13114&oz=13114007&cb=0.0&ct=9999999&mb=0&mt=9999999&et=9999999&cn=9999999&shkr1=03&shkr2=03&shkr3=03&shkr4=03&sngz=&po1=25&pc=50&page=1
12,"
 
","




","
											-","

30万円
-

","

30万円
-

","

5LDK
110.98m2

","

動画

","



追加

追加

","
詳細を見る
												お問い合わせ
													(無料)

",New,https://suumo.jp/chintai/jnc_000090685869/?bc=100381613849,西武新宿線 鷺ノ宮駅 2階建 築32年,東京都中野区白鷺２,西武新宿線/鷺ノ宮駅 歩11分 --- ＪＲ中央線/阿佐ケ谷駅 歩23分 --- 西武新宿線/下井草駅 歩15分,築32年,2階建,https://suumo.jp/jj/chintai/ichiran/FR301FC001/?ar=030&bs=040&ta=13&sc=13114&oz=13114007&cb=0.0&ct=9999999&mb=0&mt=9999999&et=9999999&cn=9999999&shkr1=03&shkr2=03&shkr3=03&shkr4=03&sngz=&po1=25&pc=50&page=1
13,"
 
","




","
											1-2階","

30万円
-

","

30万円
-

","

5LDK
110.98m2

","

パノラマ

","



追加

追加

","
詳細を見る
												お問い合わせ
													(無料)

",Exsiting,https://suumo.jp/chintai/jnc_000090685869/?bc=100381613849,西武新宿線 鷺ノ宮駅 2階建 築32年,東京都中野区白鷺２,西武新宿線/鷺ノ宮駅 歩11分 --- ＪＲ中央線/阿佐ケ谷駅 歩23分 --- 西武新宿線/下井草駅 歩15分,築32年,2階建,https://suumo.jp/jj/chintai/ichiran/FR301FC001/?ar=030&bs=040&ta=13&sc=13114&oz=13114007&cb=0.0&ct=9999999&mb=0&mt=9999999&et=9999999&cn=9999999&shkr1=03&shkr2=03&shkr3=03&shkr4=03&sngz=&po1=25&pc=50&page=1
14,"
 
","




","
											1階","

5.4万円
1000円

","

5.4万円
-

","

1K
20.25m2

","

動画
パノラマ

","



追加

追加

","
詳細を見る
												お問い合わせ
													(無料)

",Exsiting,https://suumo.jp/chintai/jnc_000022681367/?bc=100373270643,アドレム白鷺,東京都中野区白鷺２,西武新宿線/鷺ノ宮駅 歩8分 --- ＪＲ中央線/阿佐ケ谷駅 歩22分 --- 西武新宿線/都立家政駅 歩18分,築39年,2階建,https://suumo.jp/jj/chintai/ichiran/FR301FC001/?ar=030&bs=040&ta=13&sc=13114&oz=13114007&cb=0.0&ct=9999999&mb=0&mt=9999999&et=9999999&cn=9999999&shkr1=03&shkr2=03&shkr3=03&shkr4=03&sngz=&po1=25&pc=50&page=1
15,"
 
","




","
											1階","

4.9万円
-

","

-
-

","

ワンルーム
16.62m2

","

パノラマ

","



追加

追加

","
詳細を見る
												お問い合わせ
													(無料)

",New,https://suumo.jp/chintai/jnc_000090648042/?bc=100381366160,西武新宿線 鷺ノ宮駅 2階建 築38年,東京都中野区白鷺３,西武新宿線/鷺ノ宮駅 歩6分 --- 西武新宿線/下井草駅 歩14分 --- ,築38年,2階建,https://suumo.jp/jj/chintai/ichiran/FR301FC001/?ar=030&bs=040&ta=13&sc=13114&oz=13114007&cb=0.0&ct=9999999&mb=0&mt=9999999&et=9999999&cn=9999999&shkr1=03&shkr2=03&shkr3=03&shkr4=03&sngz=&po1=25&pc=50&page=1
16,"
 
","




","
											1階","

5万円
-

","

5万円
5万円

","

1K
17.61m2

","

パノラマ

","



追加

追加

","
詳細を見る
												お問い合わせ
													(無料)

",Exsiting,https://suumo.jp/chintai/jnc_000066944459/?bc=100351749283,鷺宮ギミック,東京都中野区白鷺３,西武新宿線/鷺ノ宮駅 歩7分 --- 西武新宿線/都立家政駅 歩14分 --- ＪＲ中央線/阿佐ケ谷駅 歩27分,築39年,2階建,https://suumo.jp/jj/chintai/ichiran/FR301FC001/?ar=030&bs=040&ta=13&sc=13114&oz=13114007&cb=0.0&ct=9999999&mb=0&mt=9999999&et=9999999&cn=9999999&shkr1=03&shkr2=03&shkr3=03&shkr4=03&sngz=&po1=25&pc=50&page=1
17,"
 
","




","
											2階","

9.5万円
-

","

9.5万円
-

","

2DK
40.92m2

","


","



追加

追加

","
詳細を見る
												お問い合わせ
													(無料)

",Exsiting,https://suumo.jp/chintai/jnc_000084530777/?bc=100332524759,サンライフ悠　Ａ棟,東京都中野区白鷺２,西武新宿線/鷺ノ宮駅 歩8分 --- 西武新宿線/下井草駅 歩14分 --- ＪＲ総武線/阿佐ケ谷駅 歩22分,築37年,2階建,https://suumo.jp/jj/chintai/ichiran/FR301FC001/?ar=030&bs=040&ta=13&sc=13114&oz=13114007&cb=0.0&ct=9999999&mb=0&mt=9999999&et=9999999&cn=9999999&shkr1=03&shkr2=03&shkr3=03&shkr4=03&sngz=&po1=25&pc=50&page=1
18,"
 
","




","
											2階","

10万円
-

","

10万円
-

","

2DK
40.92m2

","


","



追加

追加

","
詳細を見る
												お問い合わせ
													(無料)

",Exsiting,https://suumo.jp/chintai/jnc_000084530777/?bc=100332524759,サンライフ悠　Ａ棟,東京都中野区白鷺２,西武新宿線/鷺ノ宮駅 歩8分 --- 西武新宿線/下井草駅 歩14分 --- ＪＲ総武線/阿佐ケ谷駅 歩22分,築37年,2階建,https://suumo.jp/jj/chintai/ichiran/FR301FC001/?ar=030&bs=040&ta=13&sc=13114&oz=13114007&cb=0.0&ct=9999999&mb=0&mt=9999999&et=9999999&cn=9999999&shkr1=03&shkr2=03&shkr3=03&shkr4=03&sngz=&po1=25&pc=50&page=1
19,"
 
","




","
											2階","

4.8万円
2000円

","

4.8万円
4.8万円

","

1K
18m2

","


","



追加

追加

","
詳細を見る
												お問い合わせ
													(無料)

",Exsiting,https://suumo.jp/chintai/jnc_000090224623/?bc=100378074275,モンシェル白鷺,東京都中野区白鷺３,西武新宿線/下井草駅 歩8分 --- 西武新宿線/鷺ノ宮駅 歩15分 --- 西武新宿線/井荻駅 歩19分,築38年,2階建,https://suumo.jp/jj/chintai/ichiran/FR301FC001/?ar=030&bs=040&ta=13&sc=13114&oz=13114007&cb=0.0&ct=9999999&mb=0&mt=9999999&et=9999999&cn=9999999&shkr1=03&shkr2=03&shkr3=03&shkr4=03&sngz=&po1=25&pc=50&page=1
20,"
 
","




","
											2階","

10万円
-

","

10万円
-

","

2DK
40.92m2

","


","



追加

追加

","
詳細を見る
												お問い合わせ
													(無料)

",New,https://suumo.jp/chintai/jnc_000090648041/?bc=100381389446,西武新宿線 鷺ノ宮駅 2階建 築37年,東京都中野区白鷺２,西武新宿線/鷺ノ宮駅 歩6分 --- 西武新宿線/下井草駅 歩14分 --- ＪＲ総武線/阿佐ケ谷駅 歩24分,築37年,2階建,https://suumo.jp/jj/chintai/ichiran/FR301FC001/?ar=030&bs=040&ta=13&sc=13114&oz=13114007&cb=0.0&ct=9999999&mb=0&mt=9999999&et=9999999&cn=9999999&shkr1=03&shkr2=03&shkr3=03&shkr4=03&sngz=&po1=25&pc=50&page=1
21,"
 
","




","
											3階","

14.6万円
4000円

","

29.2万円
14.6万円

","

3LDK
60m2

","

パノラマ

","



追加

追加

","
詳細を見る
												お問い合わせ
													(無料)

",Exsiting,https://suumo.jp/chintai/jnc_000089932956/?bc=100376162096,西武新宿線 鷺ノ宮駅 3階建 築32年,東京都中野区白鷺２,西武新宿線/鷺ノ宮駅 歩9分 --- ＪＲ総武線/阿佐ケ谷駅 歩22分 --- 西武新宿線/下井草駅 歩12分,築32年,3階建,https://suumo.jp/jj/chintai/ichiran/FR301FC001/?ar=030&bs=040&ta=13&sc=13114&oz=13114007&cb=0.0&ct=9999999&mb=0&mt=9999999&et=9999999&cn=9999999&shkr1=03&shkr2=03&shkr3=03&shkr4=03&sngz=&po1=25&pc=50&page=1
22,"
 
","




","
											2階","

4.1万円
4000円

","

-
-

","

ワンルーム
10.63m2

","


","



追加

追加

","
詳細を見る
												お問い合わせ
													(無料)

",Exsiting,https://suumo.jp/chintai/jnc_000089872645/?bc=100373567995,西武新宿線 鷺ノ宮駅 2階建 築32年,東京都中野区白鷺１,西武新宿線/鷺ノ宮駅 歩12分 --- 西武新宿線/都立家政駅 歩15分 --- 西武新宿線/野方駅 歩20分,築32年,2階建,https://suumo.jp/jj/chintai/ichiran/FR301FC001/?ar=030&bs=040&ta=13&sc=13114&oz=13114007&cb=0.0&ct=9999999&mb=0&mt=9999999&et=9999999&cn=9999999&shkr1=03&shkr2=03&shkr3=03&shkr4=03&sngz=&po1=25&pc=50&page=1
23,"
 
","




","
											3階","

12.4万円
8000円

","

12.4万円
-

","

2DK
46.75m2

","

パノラマ

","



追加

追加

","
詳細を見る
												お問い合わせ
													(無料)

",Exsiting,https://suumo.jp/chintai/jnc_000090336892/?bc=100366591897,西武新宿線 鷺ノ宮駅 5階建 築32年,東京都中野区白鷺２,西武新宿線/鷺ノ宮駅 歩9分 --- ＪＲ中央線/阿佐ケ谷駅 歩20分 --- 西武新宿線/都立家政駅 歩13分,築32年,5階建,https://suumo.jp/jj/chintai/ichiran/FR301FC001/?ar=030&bs=040&ta=13&sc=13114&oz=13114007&cb=0.0&ct=9999999&mb=0&mt=9999999&et=9999999&cn=9999999&shkr1=03&shkr2=03&shkr3=03&shkr4=03&sngz=&po1=25&pc=50&page=1
24,"
 
","




","
											3階","

12.4万円
8000円

","

12.4万円
-

","

2DK
46.75m2

","


","



追加

追加

","
詳細を見る
												お問い合わせ
													(無料)

",Exsiting,https://suumo.jp/chintai/jnc_000090336892/?bc=100366591897,西武新宿線 鷺ノ宮駅 5階建 築32年,東京都中野区白鷺２,西武新宿線/鷺ノ宮駅 歩9分 --- ＪＲ中央線/阿佐ケ谷駅 歩20分 --- 西武新宿線/都立家政駅 歩13分,築32年,5階建,https://suumo.jp/jj/chintai/ichiran/FR301FC001/?ar=030&bs=040&ta=13&sc=13114&oz=13114007&cb=0.0&ct=9999999&mb=0&mt=9999999&et=9999999&cn=9999999&shkr1=03&shkr2=03&shkr3=03&shkr4=03&sngz=&po1=25&pc=50&page=1
25,"
 
","




","
											3階","

13万円
5000円

","

13万円
-

","

2DK
46.75m2

","

パノラマ

","



追加

追加

","
詳細を見る
												お問い合わせ
													(無料)

",Exsiting,https://suumo.jp/chintai/jnc_000085563325/?bc=100347387261,LOYAL GINKI,東京都中野区白鷺２,西武新宿線/鷺ノ宮駅 歩9分 --- 西武新宿線/都立家政駅 歩10分 --- ＪＲ中央線/阿佐ケ谷駅 歩17分,築32年,5階建,https://suumo.jp/jj/chintai/ichiran/FR301FC001/?ar=030&bs=040&ta=13&sc=13114&oz=13114007&cb=0.0&ct=9999999&mb=0&mt=9999999&et=9999999&cn=9999999&shkr1=03&shkr2=03&shkr3=03&shkr4=03&sngz=&po1=25&pc=50&page=1
26,"
 
","




","
											3階","

14.6万円
4000円

","

29.2万円
14.6万円

","

3LDK
57m2

","

パノラマ

","



追加

追加

","
詳細を見る
												お問い合わせ
													(無料)

",Exsiting,https://suumo.jp/chintai/jnc_000089932955/?bc=100376276241,ロイヤルマリーンハイム,東京都中野区白鷺２,西武新宿線/鷺ノ宮駅 歩8分 --- ＪＲ中央線/阿佐ケ谷駅 歩18分 --- 西武新宿線/下井草駅 歩13分,築32年,3階建,https://suumo.jp/jj/chintai/ichiran/FR301FC001/?ar=030&bs=040&ta=13&sc=13114&oz=13114007&cb=0.0&ct=9999999&mb=0&mt=9999999&et=9999999&cn=9999999&shkr1=03&shkr2=03&shkr3=03&shkr4=03&sngz=&po1=25&pc=50&page=1
27,"
 
","




","
											4階","

3.7万円
3000円

","

-
-

","

ワンルーム
10.58m2

","


","



追加

追加

","
詳細を見る
												お問い合わせ
													(無料)

",Exsiting,https://suumo.jp/chintai/jnc_000090351139/?bc=100379282741,クロノス鷺ノ宮,東京都中野区白鷺２,西武新宿線/鷺ノ宮駅 歩4分 --- 西武新宿線/都立家政駅 歩12分 --- ＪＲ中央線/阿佐ケ谷駅 歩26分,築34年,4階建,https://suumo.jp/jj/chintai/ichiran/FR301FC001/?ar=030&bs=040&ta=13&sc=13114&oz=13114007&cb=0.0&ct=9999999&mb=0&mt=9999999&et=9999999&cn=9999999&shkr1=03&shkr2=03&shkr3=03&shkr4=03&sngz=&po1=25&pc=50&page=1
28,"
 
","




","
											3階","

4.4万円
3000円

","

-
-

","

ワンルーム
12.44m2

","

動画
パノラマ

","



追加

追加

","
詳細を見る
												お問い合わせ
													(無料)

",New,https://suumo.jp/chintai/jnc_000090351139/?bc=100379282741,クロノス鷺ノ宮,東京都中野区白鷺２,西武新宿線/鷺ノ宮駅 歩4分 --- 西武新宿線/都立家政駅 歩12分 --- ＪＲ中央線/阿佐ケ谷駅 歩26分,築34年,4階建,https://suumo.jp/jj/chintai/ichiran/FR301FC001/?ar=030&bs=040&ta=13&sc=13114&oz=13114007&cb=0.0&ct=9999999&mb=0&mt=9999999&et=9999999&cn=9999999&shkr1=03&shkr2=03&shkr3=03&shkr4=03&sngz=&po1=25&pc=50&page=1
29,"
 
","




","
											2階","

4.4万円
3000円

","

-
-

","

ワンルーム
12.44m2

","


","



追加

追加

","
詳細を見る
												お問い合わせ
													(無料)

",Exsiting,https://suumo.jp/chintai/jnc_000090351139/?bc=100379282741,クロノス鷺ノ宮,東京都中野区白鷺２,西武新宿線/鷺ノ宮駅 歩4分 --- 西武新宿線/都立家政駅 歩12分 --- ＪＲ中央線/阿佐ケ谷駅 歩26分,築34年,4階建,https://suumo.jp/jj/chintai/ichiran/FR301FC001/?ar=030&bs=040&ta=13&sc=13114&oz=13114007&cb=0.0&ct=9999999&mb=0&mt=9999999&et=9999999&cn=9999999&shkr1=03&shkr2=03&shkr3=03&shkr4=03&sngz=&po1=25&pc=50&page=1
30,"
 
","




","
											4階","

3.7万円
3000円

","

-
-

","

ワンルーム
10.58m2

","


","



追加

追加

","
詳細を見る
												お問い合わせ
													(無料)

",Exsiting,https://suumo.jp/chintai/jnc_000090344596/?bc=100379045976,西武新宿線 鷺ノ宮駅 4階建 築34年,東京都中野区白鷺２,西武新宿線/鷺ノ宮駅 歩4分 --- 西武新宿線/都立家政駅 歩12分 --- 西武新宿線/下井草駅 歩19分,築34年,4階建,https://suumo.jp/jj/chintai/ichiran/FR301FC001/?ar=030&bs=040&ta=13&sc=13114&oz=13114007&cb=0.0&ct=9999999&mb=0&mt=9999999&et=9999999&cn=9999999&shkr1=03&shkr2=03&shkr3=03&shkr4=03&sngz=&po1=25&pc=50&page=1
31,"
 
","




","
											2階","

4.4万円
3000円

","

-
-

","

ワンルーム
12.44m2

","

パノラマ

","



追加

追加

","
詳細を見る
												お問い合わせ
													(無料)

",New,https://suumo.jp/chintai/jnc_000090344596/?bc=100379045976,西武新宿線 鷺ノ宮駅 4階建 築34年,東京都中野区白鷺２,西武新宿線/鷺ノ宮駅 歩4分 --- 西武新宿線/都立家政駅 歩12分 --- 西武新宿線/下井草駅 歩19分,築34年,4階建,https://suumo.jp/jj/chintai/ichiran/FR301FC001/?ar=030&bs=040&ta=13&sc=13114&oz=13114007&cb=0.0&ct=9999999&mb=0&mt=9999999&et=9999999&cn=9999999&shkr1=03&shkr2=03&shkr3=03&shkr4=03&sngz=&po1=25&pc=50&page=1
32,"
 
","




","
											2階","

4.8万円
2000円

","

-
-

","

1K
18m2

","


","



追加

追加

","
詳細を見る
												お問い合わせ
													(無料)

",Exsiting,https://suumo.jp/chintai/jnc_000090711160/?bc=100362790440,西武新宿線 下井草駅 2階建 築38年,東京都中野区白鷺３,西武新宿線/下井草駅 歩5分 --- 西武新宿線/鷺ノ宮駅 歩13分 --- 西武新宿線/井荻駅 歩19分,築38年,2階建,https://suumo.jp/jj/chintai/ichiran/FR301FC001/?ar=030&bs=040&ta=13&sc=13114&oz=13114007&cb=0.0&ct=9999999&mb=0&mt=9999999&et=9999999&cn=9999999&shkr1=03&shkr2=03&shkr3=03&shkr4=03&sngz=&po1=25&pc=50&page=1
33,"
 
","




","
											1階","

4.8万円
2000円

","

-
-

","

1K
18m2

","


","



追加

追加

","
詳細を見る
												お問い合わせ
													(無料)

",Exsiting,https://suumo.jp/chintai/jnc_000088095230/?bc=100363922117,西武新宿線 下井草駅 2階建 築38年,東京都中野区白鷺３,西武新宿線/下井草駅 歩5分 --- 西武新宿線/鷺ノ宮駅 歩13分 --- 西武新宿線/井荻駅 歩19分,築38年,2階建,https://suumo.jp/jj/chintai/ichiran/FR301FC001/?ar=030&bs=040&ta=13&sc=13114&oz=13114007&cb=0.0&ct=9999999&mb=0&mt=9999999&et=9999999&cn=9999999&shkr1=03&shkr2=03&shkr3=03&shkr4=03&sngz=&po1=25&pc=50&page=1
34,"
 
","




","
											1階","

4.8万円
2000円

","

-
-

","

1K
18m2

","


","



追加

追加

","
詳細を見る
												お問い合わせ
													(無料)

",Exsiting,https://suumo.jp/chintai/jnc_000088095233/?bc=100363914300,西武新宿線 下井草駅 2階建 築38年,東京都中野区白鷺３,西武新宿線/下井草駅 歩5分 --- 西武新宿線/鷺ノ宮駅 歩13分 --- 西武新宿線/井荻駅 歩17分,築38年,2階建,https://suumo.jp/jj/chintai/ichiran/FR301FC001/?ar=030&bs=040&ta=13&sc=13114&oz=13114007&cb=0.0&ct=9999999&mb=0&mt=9999999&et=9999999&cn=9999999&shkr1=03&shkr2=03&shkr3=03&shkr4=03&sngz=&po1=25&pc=50&page=1
35,"
 
","




","
											2階","

4.8万円
2000円

","

-
-

","

1K
18m2

","


","



追加

追加

","
詳細を見る
												お問い合わせ
													(無料)

",Exsiting,https://suumo.jp/chintai/jnc_000089138958/?bc=100367118822,西武新宿線 下井草駅 2階建 築38年,東京都中野区白鷺３,西武新宿線/下井草駅 歩5分 --- 西武新宿線/鷺ノ宮駅 歩13分 --- 西武新宿線/井荻駅 歩17分,築38年,2階建,https://suumo.jp/jj/chintai/ichiran/FR301FC001/?ar=030&bs=040&ta=13&sc=13114&oz=13114007&cb=0.0&ct=9999999&mb=0&mt=9999999&et=9999999&cn=9999999&shkr1=03&shkr2=03&shkr3=03&shkr4=03&sngz=&po1=25&pc=50&page=1
36,"
 
","




","
											1階","

4.8万円
2000円

","

-
-

","

1K
18m2

","


","



追加

追加

","
詳細を見る
												お問い合わせ
													(無料)

",Exsiting,https://suumo.jp/chintai/jnc_000090493965/?bc=100380303088,西武新宿線 下井草駅 2階建 築38年,東京都中野区白鷺３,西武新宿線/下井草駅 歩5分 --- 西武新宿線/鷺ノ宮駅 歩13分 --- 西武新宿線/井荻駅 歩17分,築38年,2階建,https://suumo.jp/jj/chintai/ichiran/FR301FC001/?ar=030&bs=040&ta=13&sc=13114&oz=13114007&cb=0.0&ct=9999999&mb=0&mt=9999999&et=9999999&cn=9999999&shkr1=03&shkr2=03&shkr3=03&shkr4=03&sngz=&po1=25&pc=50&page=1
37,"
 
","




","
											2階","

4.5万円
-

","

-
-

","

ワンルーム
15.65m2

","


","



追加

追加

","
詳細を見る
												お問い合わせ
													(無料)

",Exsiting,https://suumo.jp/chintai/jnc_000069699553/?bc=100367447838,ヒュ－ス鷺ノ宮,東京都中野区白鷺３,西武新宿線/鷺ノ宮駅 歩10分 --- 西武新宿線/下井草駅 歩12分 --- ＪＲ総武線/阿佐ケ谷駅 歩28分,築33年,3階建,https://suumo.jp/jj/chintai/ichiran/FR301FC001/?ar=030&bs=040&ta=13&sc=13114&oz=13114007&cb=0.0&ct=9999999&mb=0&mt=9999999&et=9999999&cn=9999999&shkr1=03&shkr2=03&shkr3=03&shkr4=03&sngz=&po1=25&pc=50&page=1
38,"
 
","




","
											1階","

4.7万円
-

","

-
-

","

ワンルーム
15m2

","


","



追加

追加

","
詳細を見る
												お問い合わせ
													(無料)

",Exsiting,https://suumo.jp/chintai/jnc_000069699553/?bc=100367447838,ヒュ－ス鷺ノ宮,東京都中野区白鷺３,西武新宿線/鷺ノ宮駅 歩10分 --- 西武新宿線/下井草駅 歩12分 --- ＪＲ総武線/阿佐ケ谷駅 歩28分,築33年,3階建,https://suumo.jp/jj/chintai/ichiran/FR301FC001/?ar=030&bs=040&ta=13&sc=13114&oz=13114007&cb=0.0&ct=9999999&mb=0&mt=9999999&et=9999999&cn=9999999&shkr1=03&shkr2=03&shkr3=03&shkr4=03&sngz=&po1=25&pc=50&page=1
39,"
 
","




","
											3階","

5万円
-

","

-
-

","

ワンルーム
15m2

","


","



追加

追加

","
詳細を見る
												お問い合わせ
													(無料)

",Exsiting,https://suumo.jp/chintai/jnc_000069699553/?bc=100367447838,ヒュ－ス鷺ノ宮,東京都中野区白鷺３,西武新宿線/鷺ノ宮駅 歩10分 --- 西武新宿線/下井草駅 歩12分 --- ＪＲ総武線/阿佐ケ谷駅 歩28分,築33年,3階建,https://suumo.jp/jj/chintai/ichiran/FR301FC001/?ar=030&bs=040&ta=13&sc=13114&oz=13114007&cb=0.0&ct=9999999&mb=0&mt=9999999&et=9999999&cn=9999999&shkr1=03&shkr2=03&shkr3=03&shkr4=03&sngz=&po1=25&pc=50&page=1
40,"
 
","




","
											3階","

5.9万円
-

","

5.9万円
-

","

ワンルーム
16.74m2

","


","



追加

追加

","
詳細を見る
												お問い合わせ
													(無料)

",New,https://suumo.jp/chintai/jnc_000090723666/?bc=100381924067,西武新宿線 鷺ノ宮駅 3階建 築34年,東京都中野区白鷺２,西武新宿線/鷺ノ宮駅 歩6分 --- ＪＲ中央線/阿佐ケ谷駅 バス5分 (バス停)白鷺二丁目 歩1分 --- 西武池袋線/富士見台駅 歩29分,築34年,3階建,https://suumo.jp/jj/chintai/ichiran/FR301FC001/?ar=030&bs=040&ta=13&sc=13114&oz=13114007&cb=0.0&ct=9999999&mb=0&mt=9999999&et=9999999&cn=9999999&shkr1=03&shkr2=03&shkr3=03&shkr4=03&sngz=&po1=25&pc=50&page=1
41,"
 
","




","
											2階","

5.8万円
-

","

5.8万円
-

","

1K
18.45m2

","


","



追加

追加

","
詳細を見る
												お問い合わせ
													(無料)

",Exsiting,https://suumo.jp/chintai/jnc_000085418042/?bc=100351606400,西武新宿線 鷺ノ宮駅 3階建 築38年,東京都中野区白鷺２,西武新宿線/鷺ノ宮駅 歩4分 --- 西武新宿線/都立家政駅 歩10分 --- 西武新宿線/下井草駅 歩19分,築38年,3階建,https://suumo.jp/jj/chintai/ichiran/FR301FC001/?ar=030&bs=040&ta=13&sc=13114&oz=13114007&cb=0.0&ct=9999999&mb=0&mt=9999999&et=9999999&cn=9999999&shkr1=03&shkr2=03&shkr3=03&shkr4=03&sngz=&po1=25&pc=50&page=1
42,"
 
","




","
											2階","

5.8万円
-

","

5.8万円
-

","

1K
18.45m2

","


","



追加

追加

","
詳細を見る
												お問い合わせ
													(無料)

",Exsiting,https://suumo.jp/chintai/jnc_000086646179/?bc=100360082836,荻原ハイツ,東京都中野区白鷺２,西武新宿線/鷺ノ宮駅 歩3分 --- ＪＲ中央線/阿佐ケ谷駅 バス17分 (バス停)鷺宮バス 歩3分 --- ,築38年,3階建,https://suumo.jp/jj/chintai/ichiran/FR301FC001/?ar=030&bs=040&ta=13&sc=13114&oz=13114007&cb=0.0&ct=9999999&mb=0&mt=9999999&et=9999999&cn=9999999&shkr1=03&shkr2=03&shkr3=03&shkr4=03&sngz=&po1=25&pc=50&page=1
43,"
 
","




","
											1階","

4.9万円
2000円

","

4.9万円
-

","

1K
18.5m2

","


","



追加

追加

","
詳細を見る
												お問い合わせ
													(無料)

",Exsiting,https://suumo.jp/chintai/jnc_000081872287/?bc=100324816125,西武新宿線 鷺ノ宮駅 2階建 築35年,東京都中野区白鷺２,西武新宿線/鷺ノ宮駅 歩7分 --- ＪＲ中央線/阿佐ケ谷駅 歩20分 --- 西武新宿線/都立家政駅 歩11分,築35年,2階建,https://suumo.jp/jj/chintai/ichiran/FR301FC001/?ar=030&bs=040&ta=13&sc=13114&oz=13114007&cb=0.0&ct=9999999&mb=0&mt=9999999&et=9999999&cn=9999999&shkr1=03&shkr2=03&shkr3=03&shkr4=03&sngz=&po1=25&pc=50&page=1
44,"
 
","




","
											1階","

4.9万円
2000円

","

4.9万円
-

","

1K
18m2

","


","



追加

追加

","
詳細を見る
												お問い合わせ
													(無料)

",Exsiting,https://suumo.jp/chintai/jnc_000043802111/?bc=100337201933,白鷺2丁目,東京都中野区白鷺２,西武新宿線/鷺ノ宮駅 歩7分 --- 西武新宿線/都立家政駅 歩11分 --- ＪＲ中央線/阿佐ケ谷駅 歩20分,築35年,2階建,https://suumo.jp/jj/chintai/ichiran/FR301FC001/?ar=030&bs=040&ta=13&sc=13114&oz=13114007&cb=0.0&ct=9999999&mb=0&mt=9999999&et=9999999&cn=9999999&shkr1=03&shkr2=03&shkr3=03&shkr4=03&sngz=&po1=25&pc=50&page=1
45,"
 
","




","
											1階","

5.4万円
2000円

","

-
-

","

1K
20m2

","


","



追加

追加

","
詳細を見る
												お問い合わせ
													(無料)

",Exsiting,https://suumo.jp/chintai/jnc_000025562793/?bc=100369117297,パステルコーポ白鷺,東京都中野区白鷺３,西武新宿線/鷺ノ宮駅 歩9分 --- 西武新宿線/下井草駅 歩9分 --- 西武新宿線/都立家政駅 歩17分,築32年,2階建,https://suumo.jp/jj/chintai/ichiran/FR301FC001/?ar=030&bs=040&ta=13&sc=13114&oz=13114007&cb=0.0&ct=9999999&mb=0&mt=9999999&et=9999999&cn=9999999&shkr1=03&shkr2=03&shkr3=03&shkr4=03&sngz=&po1=25&pc=50&page=1
46,"
 
","




","
											2階","

18万円
5000円

","

18万円
18万円

","

3LDK
73.26m2

","


","



追加

追加

","
詳細を見る
												お問い合わせ
													(無料)

",Exsiting,https://suumo.jp/chintai/jnc_000090187661/?bc=100378705795,西武新宿線 鷺ノ宮駅 4階建 築28年,東京都中野区白鷺３,西武新宿線/鷺ノ宮駅 歩9分 --- 西武新宿線/下井草駅 歩10分 --- 西武新宿線/都立家政駅 歩15分,築28年,4階建,https://suumo.jp/jj/chintai/ichiran/FR301FC001/?ar=030&bs=040&ta=13&sc=13114&oz=13114007&cb=0.0&ct=9999999&mb=0&mt=9999999&et=9999999&cn=9999999&shkr1=03&shkr2=03&shkr3=03&shkr4=03&sngz=&po1=25&pc=50&page=1
47,"
 
","




","
											2階","

5.8万円
-

","

5.8万円
5.8万円

","

1K
18.3m2

","


","



追加

追加

","
詳細を見る
												お問い合わせ
													(無料)

",Exsiting,https://suumo.jp/chintai/jnc_000082448961/?bc=100328288507,ひいらぎハウス,東京都中野区白鷺２,西武新宿線/鷺ノ宮駅 歩8分 ---  --- ,築31年,2階建,https://suumo.jp/jj/chintai/ichiran/FR301FC001/?ar=030&bs=040&ta=13&sc=13114&oz=13114007&cb=0.0&ct=9999999&mb=0&mt=9999999&et=9999999&cn=9999999&shkr1=03&shkr2=03&shkr3=03&shkr4=03&sngz=&po1=25&pc=50&page=1
48,"
 
","




","
											2階","

10万円
-

","

10万円
10万円

","

1LDK
40m2

","

動画

","



追加

追加

","
詳細を見る
												お問い合わせ
													(無料)

",Exsiting,https://suumo.jp/chintai/jnc_000059917083/?bc=100377288600,カーサアミスタ,東京都中野区白鷺１,西武新宿線/鷺ノ宮駅 歩8分 --- ＪＲ中央線/阿佐ケ谷駅 歩23分 --- 西武新宿線/都立家政駅 歩12分,築29年,4階建,https://suumo.jp/jj/chintai/ichiran/FR301FC001/?ar=030&bs=040&ta=13&sc=13114&oz=13114007&cb=0.0&ct=9999999&mb=0&mt=9999999&et=9999999&cn=9999999&shkr1=03&shkr2=03&shkr3=03&shkr4=03&sngz=&po1=25&pc=50&page=1
49,"
 
","




","
											5階","

20万円
23420円

","

40万円
20万円

","

3LDK
75.11m2

","

パノラマ

","



追加

追加

","
詳細を見る
												お問い合わせ
													(無料)

",New,https://suumo.jp/chintai/jnc_000088641869/?bc=100381591036,西武新宿線 鷺ノ宮駅 5階建 築25年,東京都中野区白鷺３,西武新宿線/鷺ノ宮駅 歩6分 --- 西武新宿線/下井草駅 歩12分 --- ＪＲ総武線/阿佐ケ谷駅 歩25分,築25年,5階建,https://suumo.jp/jj/chintai/ichiran/FR301FC001/?ar=030&bs=040&ta=13&sc=13114&oz=13114007&cb=0.0&ct=9999999&mb=0&mt=9999999&et=9999999&cn=9999999&shkr1=03&shkr2=03&shkr3=03&shkr4=03&sngz=&po1=25&pc=50&page=1
50,"
 
","




","
											5階","

12.9万円
10000円

","

12.9万円
12.9万円

","

1LDK
42.87m2

","

パノラマ

","



追加

追加

","
詳細を見る
												お問い合わせ
													(無料)

",Exsiting,https://suumo.jp/chintai/jnc_000090488380/?bc=100380285365,セントエルモ阿佐ヶ谷北,東京都中野区白鷺２,ＪＲ中央線/阿佐ケ谷駅 歩16分 --- 西武新宿線/鷺ノ宮駅 歩9分 --- 東京メトロ丸ノ内線/南阿佐ケ谷駅 歩24分,築18年,6階建,https://suumo.jp/jj/chintai/ichiran/FR301FC001/?ar=030&bs=040&ta=13&sc=13114&oz=13114007&cb=0.0&ct=9999999&mb=0&mt=9999999&et=9999999&cn=9999999&shkr1=03&shkr2=03&shkr3=03&shkr4=03&sngz=&po1=25&pc=50&page=1
51,"
 
","




","
											2階","

9.6万円
4000円

","

9.6万円
9.6万円

","

1LDK
40m2

","


","



追加

追加

","
詳細を見る
												お問い合わせ
													(無料)

",Exsiting,https://suumo.jp/chintai/jnc_000059948846/?bc=100379205700,西武新宿線 鷺ノ宮駅 4階建 築29年,東京都中野区白鷺１,西武新宿線/鷺ノ宮駅 歩6分 --- ＪＲ中央線/阿佐ケ谷駅 歩25分 --- 西武新宿線/都立家政駅 歩13分,築29年,4階建,https://suumo.jp/jj/chintai/ichiran/FR301FC001/?ar=030&bs=040&ta=13&sc=13114&oz=13114007&cb=0.0&ct=9999999&mb=0&mt=9999999&et=9999999&cn=9999999&shkr1=03&shkr2=03&shkr3=03&shkr4=03&sngz=&po1=25&pc=50&page=1
52,"
 
","




","
											3階","

6万円
-

","

6万円
-

","

ワンルーム
15.48m2

","


","



追加

追加

","
詳細を見る
												お問い合わせ
													(無料)

",Exsiting,https://suumo.jp/chintai/jnc_000066214986/?bc=100377282887,西武新宿線 鷺ノ宮駅 3階建 築22年,東京都中野区白鷺２,西武新宿線/鷺ノ宮駅 歩12分 --- 西武新宿線/下井草駅 歩12分 --- ＪＲ中央線/阿佐ケ谷駅 歩24分,築22年,3階建,https://suumo.jp/jj/chintai/ichiran/FR301FC001/?ar=030&bs=040&ta=13&sc=13114&oz=13114007&cb=0.0&ct=9999999&mb=0&mt=9999999&et=9999999&cn=9999999&shkr1=03&shkr2=03&shkr3=03&shkr4=03&sngz=&po1=25&pc=50&page=1
53,"
 
","




","
											1階","

6.4万円
-

","

6.4万円
-

","

1K
20.46m2

","


","



追加

追加

","
詳細を見る
												お問い合わせ
													(無料)

",Exsiting,https://suumo.jp/chintai/jnc_000090336889/?bc=100372842571,メゾンシラサギ,東京都中野区白鷺２,西武新宿線/鷺ノ宮駅 歩6分 --- 西武新宿線/都立家政駅 歩13分 --- ＪＲ中央線/阿佐ケ谷駅 歩22分,築25年,2階建,https://suumo.jp/jj/chintai/ichiran/FR301FC001/?ar=030&bs=040&ta=13&sc=13114&oz=13114007&cb=0.0&ct=9999999&mb=0&mt=9999999&et=9999999&cn=9999999&shkr1=03&shkr2=03&shkr3=03&shkr4=03&sngz=&po1=25&pc=50&page=1
54,"
 
","




","
											1階","

6.4万円
2000円

","

6.4万円
-

","

1K
20.46m2

","


","



追加

追加

","
詳細を見る
												お問い合わせ
													(無料)

",Exsiting,https://suumo.jp/chintai/jnc_000090336889/?bc=100372842571,メゾンシラサギ,東京都中野区白鷺２,西武新宿線/鷺ノ宮駅 歩6分 --- 西武新宿線/都立家政駅 歩13分 --- ＪＲ中央線/阿佐ケ谷駅 歩22分,築25年,2階建,https://suumo.jp/jj/chintai/ichiran/FR301FC001/?ar=030&bs=040&ta=13&sc=13114&oz=13114007&cb=0.0&ct=9999999&mb=0&mt=9999999&et=9999999&cn=9999999&shkr1=03&shkr2=03&shkr3=03&shkr4=03&sngz=&po1=25&pc=50&page=1
55,"
 
","




","
											5階","

12.9万円
10000円

","

12.9万円
12.9万円

","

1LDK
42.87m2

","

動画

","



追加

追加

","
詳細を見る
												お問い合わせ
													(無料)

",Exsiting,https://suumo.jp/chintai/jnc_000090488381/?bc=100380295862,西武新宿線 鷺ノ宮駅 6階建 築18年,東京都中野区白鷺２,西武新宿線/鷺ノ宮駅 歩9分 --- ＪＲ中央線/阿佐ケ谷駅 歩16分 --- ＪＲ総武線/高円寺駅 歩26分,築18年,6階建,https://suumo.jp/jj/chintai/ichiran/FR301FC001/?ar=030&bs=040&ta=13&sc=13114&oz=13114007&cb=0.0&ct=9999999&mb=0&mt=9999999&et=9999999&cn=9999999&shkr1=03&shkr2=03&shkr3=03&shkr4=03&sngz=&po1=25&pc=50&page=1
56,"
 
","




","
											1階","

6.6万円
-

","

6.6万円
-

","

1K
22.5m2

","


","



追加

追加

","
詳細を見る
												お問い合わせ
													(無料)

",Exsiting,https://suumo.jp/chintai/jnc_000089741342/?bc=100377282879,西武新宿線 下井草駅 2階建 築25年,東京都中野区白鷺３,西武新宿線/下井草駅 歩7分 --- 西武新宿線/鷺ノ宮駅 歩9分 --- 西武池袋線/富士見台駅 歩22分,築25年,2階建,https://suumo.jp/jj/chintai/ichiran/FR301FC001/?ar=030&bs=040&ta=13&sc=13114&oz=13114007&cb=0.0&ct=9999999&mb=0&mt=9999999&et=9999999&cn=9999999&shkr1=03&shkr2=03&shkr3=03&shkr4=03&sngz=&po1=25&pc=50&page=1
57,"
 
","




","
											2階","

7.2万円
1000円

","

7.2万円
7.2万円

","

1K
22.68m2

","


","



追加

追加

","
詳細を見る
												お問い合わせ
													(無料)

",Exsiting,https://suumo.jp/chintai/jnc_000090045718/?bc=100377142152,カーサソレアードツー,東京都中野区白鷺２,西武新宿線/鷺ノ宮駅 歩8分 --- 西武新宿線/都立家政駅 歩15分 --- 西武新宿線/下井草駅 歩17分,築24年,2階建,https://suumo.jp/jj/chintai/ichiran/FR301FC001/?ar=030&bs=040&ta=13&sc=13114&oz=13114007&cb=0.0&ct=9999999&mb=0&mt=9999999&et=9999999&cn=9999999&shkr1=03&shkr2=03&shkr3=03&shkr4=03&sngz=&po1=25&pc=50&page=1
58,"
 
","




","
											1階","

11.5万円
10000円

","

11.5万円
11.5万円

","

1LDK
38.11m2

","

動画
パノラマ

","



追加

追加

","
詳細を見る
												お問い合わせ
													(無料)

",Exsiting,https://suumo.jp/chintai/jnc_000090493963/?bc=100380285347,エミリブ鷺ノ宮,東京都中野区白鷺１,西武新宿線/鷺ノ宮駅 歩3分 --- ＪＲ中央線/阿佐ケ谷駅 歩23分 --- 東京メトロ丸ノ内線/南阿佐ケ谷駅 歩31分,築7年,10階建,https://suumo.jp/jj/chintai/ichiran/FR301FC001/?ar=030&bs=040&ta=13&sc=13114&oz=13114007&cb=0.0&ct=9999999&mb=0&mt=9999999&et=9999999&cn=9999999&shkr1=03&shkr2=03&shkr3=03&shkr4=03&sngz=&po1=25&pc=50&page=1
59,"
 
","




","
											1階","

12万円
10000円

","

12万円
12万円

","

1LDK
39.8m2

","


","



追加

追加

","
詳細を見る
												お問い合わせ
													(無料)

",Exsiting,https://suumo.jp/chintai/jnc_000090493963/?bc=100380285347,エミリブ鷺ノ宮,東京都中野区白鷺１,西武新宿線/鷺ノ宮駅 歩3分 --- ＪＲ中央線/阿佐ケ谷駅 歩23分 --- 東京メトロ丸ノ内線/南阿佐ケ谷駅 歩31分,築7年,10階建,https://suumo.jp/jj/chintai/ichiran/FR301FC001/?ar=030&bs=040&ta=13&sc=13114&oz=13114007&cb=0.0&ct=9999999&mb=0&mt=9999999&et=9999999&cn=9999999&shkr1=03&shkr2=03&shkr3=03&shkr4=03&sngz=&po1=25&pc=50&page=1
60,"
 
","




","
											7階","

16.4万円
12000円

","

16.4万円
16.4万円

","

2LDK
50.21m2

","

動画
パノラマ

","



追加

追加

","
詳細を見る
												お問い合わせ
													(無料)

",Exsiting,https://suumo.jp/chintai/jnc_000090493963/?bc=100380285347,エミリブ鷺ノ宮,東京都中野区白鷺１,西武新宿線/鷺ノ宮駅 歩3分 --- ＪＲ中央線/阿佐ケ谷駅 歩23分 --- 東京メトロ丸ノ内線/南阿佐ケ谷駅 歩31分,築7年,10階建,https://suumo.jp/jj/chintai/ichiran/FR301FC001/?ar=030&bs=040&ta=13&sc=13114&oz=13114007&cb=0.0&ct=9999999&mb=0&mt=9999999&et=9999999&cn=9999999&shkr1=03&shkr2=03&shkr3=03&shkr4=03&sngz=&po1=25&pc=50&page=1
61,"
 
","




","
											8階","

17万円
12000円

","

17万円
17万円

","

2LDK
54.38m2

","

パノラマ

","



追加

追加

","
詳細を見る
												お問い合わせ
													(無料)

",Exsiting,https://suumo.jp/chintai/jnc_000090493963/?bc=100380285347,エミリブ鷺ノ宮,東京都中野区白鷺１,西武新宿線/鷺ノ宮駅 歩3分 --- ＪＲ中央線/阿佐ケ谷駅 歩23分 --- 東京メトロ丸ノ内線/南阿佐ケ谷駅 歩31分,築7年,10階建,https://suumo.jp/jj/chintai/ichiran/FR301FC001/?ar=030&bs=040&ta=13&sc=13114&oz=13114007&cb=0.0&ct=9999999&mb=0&mt=9999999&et=9999999&cn=9999999&shkr1=03&shkr2=03&shkr3=03&shkr4=03&sngz=&po1=25&pc=50&page=1
62,"
 
","




","
											6階","

17.2万円
10000円

","

17.2万円
-

","

2LDK
59.9m2

","

パノラマ

","



追加

追加

","
詳細を見る
												お問い合わせ
													(無料)

",Exsiting,https://suumo.jp/chintai/jnc_000087883368/?bc=100372885914,ＵＵＲコート白鷺,東京都中野区白鷺１,西武新宿線/鷺ノ宮駅 歩6分 --- 西武新宿線/都立家政駅 歩9分 --- ＪＲ中央線/阿佐ケ谷駅 歩26分,築23年,7階建,https://suumo.jp/jj/chintai/ichiran/FR301FC001/?ar=030&bs=040&ta=13&sc=13114&oz=13114007&cb=0.0&ct=9999999&mb=0&mt=9999999&et=9999999&cn=9999999&shkr1=03&shkr2=03&shkr3=03&shkr4=03&sngz=&po1=25&pc=50&page=1
63,"
 
","




","
											2階","

7.2万円
1000円

","

7.2万円
7.2万円

","

1K
22.68m2

","

パノラマ

","



追加

追加

","
詳細を見る
												お問い合わせ
													(無料)

",Exsiting,https://suumo.jp/chintai/jnc_000079076497/?bc=100377026960,カーサ・ソレアードII,東京都中野区白鷺２,西武新宿線/鷺ノ宮駅 歩6分 --- 西武新宿線/下井草駅 歩15分 --- ＪＲ中央線/阿佐ケ谷駅 歩25分,築22年,2階建,https://suumo.jp/jj/chintai/ichiran/FR301FC001/?ar=030&bs=040&ta=13&sc=13114&oz=13114007&cb=0.0&ct=9999999&mb=0&mt=9999999&et=9999999&cn=9999999&shkr1=03&shkr2=03&shkr3=03&shkr4=03&sngz=&po1=25&pc=50&page=1
64,"
 
","




","
											3階","

7.9万円
4000円

","

7.9万円
7.9万円

","

1K
21.63m2

","


","



追加

追加

","
詳細を見る
												お問い合わせ
													(無料)

",New,https://suumo.jp/chintai/jnc_000090577773/?bc=100380871954,リヴィエール鷺宮,東京都中野区白鷺２,西武新宿線/鷺ノ宮駅 歩8分 --- 西武新宿線/都立家政駅 歩15分 --- ＪＲ中央線/阿佐ケ谷駅 歩19分,築21年,3階建,https://suumo.jp/jj/chintai/ichiran/FR301FC001/?ar=030&bs=040&ta=13&sc=13114&oz=13114007&cb=0.0&ct=9999999&mb=0&mt=9999999&et=9999999&cn=9999999&shkr1=03&shkr2=03&shkr3=03&shkr4=03&sngz=&po1=25&pc=50&page=2
65,"
 
","




","
											2階","

11.7万円
6000円

","

11.7万円
11.7万円

","

1LDK
43.04m2

","


","



追加

追加

","
詳細を見る
												お問い合わせ
													(無料)

",Exsiting,https://suumo.jp/chintai/jnc_000090577773/?bc=100380871954,リヴィエール鷺宮,東京都中野区白鷺２,西武新宿線/鷺ノ宮駅 歩8分 --- 西武新宿線/都立家政駅 歩15分 --- ＪＲ中央線/阿佐ケ谷駅 歩19分,築21年,3階建,https://suumo.jp/jj/chintai/ichiran/FR301FC001/?ar=030&bs=040&ta=13&sc=13114&oz=13114007&cb=0.0&ct=9999999&mb=0&mt=9999999&et=9999999&cn=9999999&shkr1=03&shkr2=03&shkr3=03&shkr4=03&sngz=&po1=25&pc=50&page=2
66,"
 
","




","
											6階","

17.2万円
10000円

","

17.2万円
17.2万円

","

2LDK
59.9m2

","


","



追加

追加

","
詳細を見る
												お問い合わせ
													(無料)

",Exsiting,https://suumo.jp/chintai/jnc_000087893987/?bc=100362749548,西武新宿線 鷺ノ宮駅 7階建 築23年,東京都中野区白鷺１,西武新宿線/鷺ノ宮駅 歩6分 --- 西武新宿線/都立家政駅 歩9分 --- 西武新宿線/野方駅 歩20分,築23年,7階建,https://suumo.jp/jj/chintai/ichiran/FR301FC001/?ar=030&bs=040&ta=13&sc=13114&oz=13114007&cb=0.0&ct=9999999&mb=0&mt=9999999&et=9999999&cn=9999999&shkr1=03&shkr2=03&shkr3=03&shkr4=03&sngz=&po1=25&pc=50&page=2
67,"
 
","




","
											5階","

17.2万円
10000円

","

17.2万円
17.2万円

","

2LDK
59.9m2

","


","



追加

追加

","
詳細を見る
												お問い合わせ
													(無料)

",Exsiting,https://suumo.jp/chintai/jnc_000087893987/?bc=100362749548,西武新宿線 鷺ノ宮駅 7階建 築23年,東京都中野区白鷺１,西武新宿線/鷺ノ宮駅 歩6分 --- 西武新宿線/都立家政駅 歩9分 --- 西武新宿線/野方駅 歩20分,築23年,7階建,https://suumo.jp/jj/chintai/ichiran/FR301FC001/?ar=030&bs=040&ta=13&sc=13114&oz=13114007&cb=0.0&ct=9999999&mb=0&mt=9999999&et=9999999&cn=9999999&shkr1=03&shkr2=03&shkr3=03&shkr4=03&sngz=&po1=25&pc=50&page=2
68,"
 
","




","
											3階","

10.6万円
3000円

","

21.2万円
10.6万円

","

1LK
43m2

","

動画

","



追加

追加

","
詳細を見る
												お問い合わせ
													(無料)

",New,https://suumo.jp/chintai/jnc_000088894296/?bc=100381258699,西武新宿線 下井草駅 3階建 築17年,東京都中野区白鷺３,西武新宿線/下井草駅 歩8分 --- 西武新宿線/鷺ノ宮駅 歩12分 --- 西武池袋線/富士見台駅 歩21分,築17年,3階建,https://suumo.jp/jj/chintai/ichiran/FR301FC001/?ar=030&bs=040&ta=13&sc=13114&oz=13114007&cb=0.0&ct=9999999&mb=0&mt=9999999&et=9999999&cn=9999999&shkr1=03&shkr2=03&shkr3=03&shkr4=03&sngz=&po1=25&pc=50&page=2
69,"
 
","




","
											3階","

10.6万円
3000円

","

21.2万円
10.6万円

","

1DK
43m2

","

動画

","



追加

追加

","
詳細を見る
												お問い合わせ
													(無料)

",New,https://suumo.jp/chintai/jnc_000088894294/?bc=100381252942,アベンチュリンロード,東京都中野区白鷺３,西武新宿線/下井草駅 歩8分 --- 西武新宿線/鷺ノ宮駅 歩12分 --- 西武新宿線/井荻駅 歩19分,築17年,3階建,https://suumo.jp/jj/chintai/ichiran/FR301FC001/?ar=030&bs=040&ta=13&sc=13114&oz=13114007&cb=0.0&ct=9999999&mb=0&mt=9999999&et=9999999&cn=9999999&shkr1=03&shkr2=03&shkr3=03&shkr4=03&sngz=&po1=25&pc=50&page=2
70,"
 
","




","
											3階","

10.6万円
3000円

","

10.6万円
10.6万円

","

1LDK
43m2

","


","



追加

追加

","
詳細を見る
												お問い合わせ
													(無料)

",New,https://suumo.jp/chintai/jnc_000090625306/?bc=100381238825,西武新宿線 下井草駅 3階建 築19年,東京都中野区白鷺３,西武新宿線/下井草駅 歩8分 --- 西武新宿線/鷺ノ宮駅 歩12分 --- ＪＲ総武線/阿佐ケ谷駅 歩30分,築19年,3階建,https://suumo.jp/jj/chintai/ichiran/FR301FC001/?ar=030&bs=040&ta=13&sc=13114&oz=13114007&cb=0.0&ct=9999999&mb=0&mt=9999999&et=9999999&cn=9999999&shkr1=03&shkr2=03&shkr3=03&shkr4=03&sngz=&po1=25&pc=50&page=2
71,"
 
","




","
											1階","

12.4万円
2000円

","

12.4万円
12.4万円

","

2DK
48.4m2

","

パノラマ

","



追加

追加

","
詳細を見る
												お問い合わせ
													(無料)

",Exsiting,https://suumo.jp/chintai/jnc_000090054842/?bc=100374251942,カーサ・ヴェルデ,東京都中野区白鷺２,西武新宿線/鷺ノ宮駅 歩6分 --- ＪＲ中央線/阿佐ケ谷駅 歩18分 --- 西武新宿線/下井草駅 歩16分,築20年,2階建,https://suumo.jp/jj/chintai/ichiran/FR301FC001/?ar=030&bs=040&ta=13&sc=13114&oz=13114007&cb=0.0&ct=9999999&mb=0&mt=9999999&et=9999999&cn=9999999&shkr1=03&shkr2=03&shkr3=03&shkr4=03&sngz=&po1=25&pc=50&page=2
72,"
 
","




","
											1階","

12.4万円
2000円

","

12.4万円
12.4万円

","

2LDK
48.4m2

","


","



追加

追加

","
詳細を見る
												お問い合わせ
													(無料)

",Exsiting,https://suumo.jp/chintai/jnc_000090054843/?bc=100374366498,西武新宿線 鷺ノ宮駅 2階建 築21年,東京都中野区白鷺２,西武新宿線/鷺ノ宮駅 歩7分 --- 西武新宿線/下井草駅 歩17分 --- 西武新宿線/都立家政駅 歩15分,築21年,2階建,https://suumo.jp/jj/chintai/ichiran/FR301FC001/?ar=030&bs=040&ta=13&sc=13114&oz=13114007&cb=0.0&ct=9999999&mb=0&mt=9999999&et=9999999&cn=9999999&shkr1=03&shkr2=03&shkr3=03&shkr4=03&sngz=&po1=25&pc=50&page=2
73,"
 
","




","
											3階","

6.8万円
5000円

","

6.8万円
6.8万円

","

1K
21.37m2

","

動画

","



追加

追加

","
詳細を見る
												お問い合わせ
													(無料)

",Exsiting,https://suumo.jp/chintai/jnc_000070459486/?bc=100379416406,ル・リオン中野白鷺,東京都中野区白鷺３,西武新宿線/鷺ノ宮駅 歩10分 --- 西武新宿線/下井草駅 歩14分 --- 西武新宿線/都立家政駅 歩15分,築18年,3階建,https://suumo.jp/jj/chintai/ichiran/FR301FC001/?ar=030&bs=040&ta=13&sc=13114&oz=13114007&cb=0.0&ct=9999999&mb=0&mt=9999999&et=9999999&cn=9999999&shkr1=03&shkr2=03&shkr3=03&shkr4=03&sngz=&po1=25&pc=50&page=2
74,"
 
","




","
											1階","

7.3万円
3000円

","

-
-

","

1K
19.35m2

","


","



追加

追加

","
詳細を見る
												お問い合わせ
													(無料)

",Exsiting,https://suumo.jp/chintai/jnc_000090499749/?bc=100380328715,アメリカンリバティー白鷺,東京都中野区白鷺２,西武新宿線/鷺ノ宮駅 歩10分 --- 西武新宿線/下井草駅 歩10分 --- ＪＲ中央線/阿佐ケ谷駅 バス18分 (バス停)白鷺二丁目 歩6分,築8年,2階建,https://suumo.jp/jj/chintai/ichiran/FR301FC001/?ar=030&bs=040&ta=13&sc=13114&oz=13114007&cb=0.0&ct=9999999&mb=0&mt=9999999&et=9999999&cn=9999999&shkr1=03&shkr2=03&shkr3=03&shkr4=03&sngz=&po1=25&pc=50&page=2
75,"
 
","




","
											1階","

7.3万円
3500円

","

-
-

","

1K
19.35m2

","

動画
パノラマ

","



追加

追加

","
詳細を見る
												お問い合わせ
													(無料)

",New,https://suumo.jp/chintai/jnc_000090499749/?bc=100380328715,アメリカンリバティー白鷺,東京都中野区白鷺２,西武新宿線/鷺ノ宮駅 歩10分 --- 西武新宿線/下井草駅 歩10分 --- ＪＲ中央線/阿佐ケ谷駅 バス18分 (バス停)白鷺二丁目 歩6分,築8年,2階建,https://suumo.jp/jj/chintai/ichiran/FR301FC001/?ar=030&bs=040&ta=13&sc=13114&oz=13114007&cb=0.0&ct=9999999&mb=0&mt=9999999&et=9999999&cn=9999999&shkr1=03&shkr2=03&shkr3=03&shkr4=03&sngz=&po1=25&pc=50&page=2
76,"
 
","




","
											2階","

7.5万円
3500円

","

7.5万円
7.5万円

","

1K
19.35m2

","


","



追加

追加

","
詳細を見る
												お問い合わせ
													(無料)

",Exsiting,https://suumo.jp/chintai/jnc_000090499749/?bc=100380328715,アメリカンリバティー白鷺,東京都中野区白鷺２,西武新宿線/鷺ノ宮駅 歩10分 --- 西武新宿線/下井草駅 歩10分 --- ＪＲ中央線/阿佐ケ谷駅 バス18分 (バス停)白鷺二丁目 歩6分,築8年,2階建,https://suumo.jp/jj/chintai/ichiran/FR301FC001/?ar=030&bs=040&ta=13&sc=13114&oz=13114007&cb=0.0&ct=9999999&mb=0&mt=9999999&et=9999999&cn=9999999&shkr1=03&shkr2=03&shkr3=03&shkr4=03&sngz=&po1=25&pc=50&page=2
77,"
 
","




","
											2階","

7.7万円
3500円

","

-
-

","

1K
19.35m2

","


","



追加

追加

","
詳細を見る
												お問い合わせ
													(無料)

",Exsiting,https://suumo.jp/chintai/jnc_000090499749/?bc=100380328715,アメリカンリバティー白鷺,東京都中野区白鷺２,西武新宿線/鷺ノ宮駅 歩10分 --- 西武新宿線/下井草駅 歩10分 --- ＪＲ中央線/阿佐ケ谷駅 バス18分 (バス停)白鷺二丁目 歩6分,築8年,2階建,https://suumo.jp/jj/chintai/ichiran/FR301FC001/?ar=030&bs=040&ta=13&sc=13114&oz=13114007&cb=0.0&ct=9999999&mb=0&mt=9999999&et=9999999&cn=9999999&shkr1=03&shkr2=03&shkr3=03&shkr4=03&sngz=&po1=25&pc=50&page=2
78,"
 
","




","
											2階","

7.8万円
3500円

","

-
-

","

1K
19.35m2

","


","



追加

追加

","
詳細を見る
												お問い合わせ
													(無料)

",Exsiting,https://suumo.jp/chintai/jnc_000090499749/?bc=100380328715,アメリカンリバティー白鷺,東京都中野区白鷺２,西武新宿線/鷺ノ宮駅 歩10分 --- 西武新宿線/下井草駅 歩10分 --- ＪＲ中央線/阿佐ケ谷駅 バス18分 (バス停)白鷺二丁目 歩6分,築8年,2階建,https://suumo.jp/jj/chintai/ichiran/FR301FC001/?ar=030&bs=040&ta=13&sc=13114&oz=13114007&cb=0.0&ct=9999999&mb=0&mt=9999999&et=9999999&cn=9999999&shkr1=03&shkr2=03&shkr3=03&shkr4=03&sngz=&po1=25&pc=50&page=2
79,"
 
","




","
											1階","

7.3万円
5500円

","

-
3.65万円

","

1K
22.35m2

","


","



追加

追加

","
詳細を見る
												お問い合わせ
													(無料)

",Exsiting,https://suumo.jp/chintai/jnc_000080033936/?bc=100376072606,レオパレスＧＦ白鷺,東京都中野区白鷺３,西武新宿線/鷺ノ宮駅 歩10分 --- 西武新宿線/下井草駅 歩13分 --- 西武新宿線/都立家政駅 歩19分,築16年,2階建,https://suumo.jp/jj/chintai/ichiran/FR301FC001/?ar=030&bs=040&ta=13&sc=13114&oz=13114007&cb=0.0&ct=9999999&mb=0&mt=9999999&et=9999999&cn=9999999&shkr1=03&shkr2=03&shkr3=03&shkr4=03&sngz=&po1=25&pc=50&page=2
80,"
 
","




","
											1階","

7.4万円
5500円

","

-
3.7万円

","

1K
22.35m2

","


","



追加

追加

","
詳細を見る
												お問い合わせ
													(無料)

",Exsiting,https://suumo.jp/chintai/jnc_000080033936/?bc=100376072606,レオパレスＧＦ白鷺,東京都中野区白鷺３,西武新宿線/鷺ノ宮駅 歩10分 --- 西武新宿線/下井草駅 歩13分 --- 西武新宿線/都立家政駅 歩19分,築16年,2階建,https://suumo.jp/jj/chintai/ichiran/FR301FC001/?ar=030&bs=040&ta=13&sc=13114&oz=13114007&cb=0.0&ct=9999999&mb=0&mt=9999999&et=9999999&cn=9999999&shkr1=03&shkr2=03&shkr3=03&shkr4=03&sngz=&po1=25&pc=50&page=2
81,"
 
","




","
											2階","

7.5万円
5500円

","

-
3.75万円

","

1K
22.35m2

","


","



追加

追加

","
詳細を見る
												お問い合わせ
													(無料)

",Exsiting,https://suumo.jp/chintai/jnc_000080033936/?bc=100376072606,レオパレスＧＦ白鷺,東京都中野区白鷺３,西武新宿線/鷺ノ宮駅 歩10分 --- 西武新宿線/下井草駅 歩13分 --- 西武新宿線/都立家政駅 歩19分,築16年,2階建,https://suumo.jp/jj/chintai/ichiran/FR301FC001/?ar=030&bs=040&ta=13&sc=13114&oz=13114007&cb=0.0&ct=9999999&mb=0&mt=9999999&et=9999999&cn=9999999&shkr1=03&shkr2=03&shkr3=03&shkr4=03&sngz=&po1=25&pc=50&page=2
82,"
 
","




","
											1階","

7.3万円
5500円

","

-
3.65万円

","

1K
22.35m2

","


","



追加

追加

","
詳細を見る
												お問い合わせ
													(無料)

",New,https://suumo.jp/chintai/jnc_000080041350/?bc=100381697553,西武新宿線 鷺ノ宮駅 2階建 築16年,東京都中野区白鷺３,西武新宿線/鷺ノ宮駅 歩10分 --- 西武新宿線/下井草駅 歩13分 --- 西武新宿線/都立家政駅 歩19分,築16年,2階建,https://suumo.jp/jj/chintai/ichiran/FR301FC001/?ar=030&bs=040&ta=13&sc=13114&oz=13114007&cb=0.0&ct=9999999&mb=0&mt=9999999&et=9999999&cn=9999999&shkr1=03&shkr2=03&shkr3=03&shkr4=03&sngz=&po1=25&pc=50&page=2
83,"
 
","




","
											1階","

7.4万円
5500円

","

-
3.7万円

","

1K
22.35m2

","


","



追加

追加

","
詳細を見る
												お問い合わせ
													(無料)

",Exsiting,https://suumo.jp/chintai/jnc_000080041350/?bc=100381697553,西武新宿線 鷺ノ宮駅 2階建 築16年,東京都中野区白鷺３,西武新宿線/鷺ノ宮駅 歩10分 --- 西武新宿線/下井草駅 歩13分 --- 西武新宿線/都立家政駅 歩19分,築16年,2階建,https://suumo.jp/jj/chintai/ichiran/FR301FC001/?ar=030&bs=040&ta=13&sc=13114&oz=13114007&cb=0.0&ct=9999999&mb=0&mt=9999999&et=9999999&cn=9999999&shkr1=03&shkr2=03&shkr3=03&shkr4=03&sngz=&po1=25&pc=50&page=2
84,"
 
","




","
											2階","

7.5万円
5500円

","

-
3.75万円

","

1K
22.35m2

","


","



追加

追加

","
詳細を見る
												お問い合わせ
													(無料)

",New,https://suumo.jp/chintai/jnc_000080041350/?bc=100381697553,西武新宿線 鷺ノ宮駅 2階建 築16年,東京都中野区白鷺３,西武新宿線/鷺ノ宮駅 歩10分 --- 西武新宿線/下井草駅 歩13分 --- 西武新宿線/都立家政駅 歩19分,築16年,2階建,https://suumo.jp/jj/chintai/ichiran/FR301FC001/?ar=030&bs=040&ta=13&sc=13114&oz=13114007&cb=0.0&ct=9999999&mb=0&mt=9999999&et=9999999&cn=9999999&shkr1=03&shkr2=03&shkr3=03&shkr4=03&sngz=&po1=25&pc=50&page=2
85,"
 
","




","
											5階","

12.9万円
10000円

","

12.9万円
12.9万円

","

1LDK
42.87m2

","


","



追加

追加

","
詳細を見る
												お問い合わせ
													(無料)

",Exsiting,https://suumo.jp/chintai/jnc_000090493964/?bc=100380290709,西武新宿線 鷺ノ宮駅 6階建 築19年,東京都中野区白鷺２,西武新宿線/鷺ノ宮駅 歩9分 --- 西武新宿線/都立家政駅 歩15分 --- 西武新宿線/下井草駅 歩18分,築19年,6階建,https://suumo.jp/jj/chintai/ichiran/FR301FC001/?ar=030&bs=040&ta=13&sc=13114&oz=13114007&cb=0.0&ct=9999999&mb=0&mt=9999999&et=9999999&cn=9999999&shkr1=03&shkr2=03&shkr3=03&shkr4=03&sngz=&po1=25&pc=50&page=2
86,"
 
","




","
											2階","

7.5万円
-

","

-
-

","

1K
23.9m2

","


","



追加

追加

","
詳細を見る
												お問い合わせ
													(無料)

",New,https://suumo.jp/chintai/jnc_000090614757/?bc=100381159828,ＣＡＳＡ　ＤＩ　ＣＩＭＡ　V,東京都中野区白鷺２,西武新宿線/鷺ノ宮駅 歩4分 --- 西武新宿線/都立家政駅 歩11分 --- ＪＲ総武線/阿佐ケ谷駅 歩22分,築20年,3階建,https://suumo.jp/jj/chintai/ichiran/FR301FC001/?ar=030&bs=040&ta=13&sc=13114&oz=13114007&cb=0.0&ct=9999999&mb=0&mt=9999999&et=9999999&cn=9999999&shkr1=03&shkr2=03&shkr3=03&shkr4=03&sngz=&po1=25&pc=50&page=2
87,"
 
","




","
											3階","

6.8万円
5000円

","

6.8万円
6.8万円

","

1K
21.37m2

","

動画
パノラマ

","



追加

追加

","
詳細を見る
												お問い合わせ
													(無料)

",Exsiting,https://suumo.jp/chintai/jnc_000070483093/?bc=100379759483,西武新宿線 鷺ノ宮駅 3階建 築18年,東京都中野区白鷺３,西武新宿線/鷺ノ宮駅 歩6分 --- 西武新宿線/下井草駅 歩14分 --- 西武新宿線/都立家政駅 歩15分,築18年,3階建,https://suumo.jp/jj/chintai/ichiran/FR301FC001/?ar=030&bs=040&ta=13&sc=13114&oz=13114007&cb=0.0&ct=9999999&mb=0&mt=9999999&et=9999999&cn=9999999&shkr1=03&shkr2=03&shkr3=03&shkr4=03&sngz=&po1=25&pc=50&page=2
88,"
 
","




","
											1階","

11万円
5000円

","

-
11万円

","

1LDK
40.95m2

","

動画
パノラマ

","



追加

追加

","
詳細を見る
												お問い合わせ
													(無料)

",Exsiting,https://suumo.jp/chintai/jnc_000032377151/?bc=100377674928,レフィナード白鷺,東京都中野区白鷺３,西武新宿線/鷺ノ宮駅 歩8分 --- 西武新宿線/下井草駅 歩10分 --- 西武新宿線/都立家政駅 歩14分,築13年,2階建,https://suumo.jp/jj/chintai/ichiran/FR301FC001/?ar=030&bs=040&ta=13&sc=13114&oz=13114007&cb=0.0&ct=9999999&mb=0&mt=9999999&et=9999999&cn=9999999&shkr1=03&shkr2=03&shkr3=03&shkr4=03&sngz=&po1=25&pc=50&page=2
89,"
 
","




","
											1階","

11万円
5000円

","

-
11万円

","

1LDK
40.95m2

","


","



追加

追加

","
詳細を見る
												お問い合わせ
													(無料)

",Exsiting,https://suumo.jp/chintai/jnc_000032392354/?bc=100378478263,西武新宿線 鷺ノ宮駅 2階建 築13年,東京都中野区白鷺３,西武新宿線/鷺ノ宮駅 歩8分 --- 西武新宿線/下井草駅 歩10分 --- 西武新宿線/都立家政駅 歩14分,築13年,2階建,https://suumo.jp/jj/chintai/ichiran/FR301FC001/?ar=030&bs=040&ta=13&sc=13114&oz=13114007&cb=0.0&ct=9999999&mb=0&mt=9999999&et=9999999&cn=9999999&shkr1=03&shkr2=03&shkr3=03&shkr4=03&sngz=&po1=25&pc=50&page=2
90,"
 
","




","
											1階","

11万円
5000円

","

-
11万円

","

1LDK
40.95m2

","


","



追加

追加

","
詳細を見る
												お問い合わせ
													(無料)

",Exsiting,https://suumo.jp/chintai/jnc_000032392354/?bc=100378478263,西武新宿線 鷺ノ宮駅 2階建 築13年,東京都中野区白鷺３,西武新宿線/鷺ノ宮駅 歩8分 --- 西武新宿線/下井草駅 歩10分 --- 西武新宿線/都立家政駅 歩14分,築13年,2階建,https://suumo.jp/jj/chintai/ichiran/FR301FC001/?ar=030&bs=040&ta=13&sc=13114&oz=13114007&cb=0.0&ct=9999999&mb=0&mt=9999999&et=9999999&cn=9999999&shkr1=03&shkr2=03&shkr3=03&shkr4=03&sngz=&po1=25&pc=50&page=2
91,"
 
","




","
											1階","

11万円
5000円

","

-
11万円

","

1LDK
40.95m2

","


","



追加

追加

","
詳細を見る
												お問い合わせ
													(無料)

",Exsiting,https://suumo.jp/chintai/jnc_000090242347/?bc=100378252449,西武新宿線 鷺ノ宮駅 2階建 築14年,東京都中野区白鷺３,西武新宿線/鷺ノ宮駅 歩8分 --- 西武新宿線/下井草駅 歩12分 --- 西武新宿線/都立家政駅 歩20分,築14年,2階建,https://suumo.jp/jj/chintai/ichiran/FR301FC001/?ar=030&bs=040&ta=13&sc=13114&oz=13114007&cb=0.0&ct=9999999&mb=0&mt=9999999&et=9999999&cn=9999999&shkr1=03&shkr2=03&shkr3=03&shkr4=03&sngz=&po1=25&pc=50&page=2
92,"
 
","




","
											2階","

4.8万円
3000円

","

-
-

","

ワンルーム
9.31m2

","

パノラマ

","



追加

追加

","
詳細を見る
												お問い合わせ
													(無料)

",New,https://suumo.jp/chintai/jnc_000024169070/?bc=100381366579,フェリスリップル,東京都中野区白鷺３,西武新宿線/鷺ノ宮駅 歩11分 --- 西武新宿線/下井草駅 歩10分 --- 西武池袋線/富士見台駅 歩23分,築8年,2階建,https://suumo.jp/jj/chintai/ichiran/FR301FC001/?ar=030&bs=040&ta=13&sc=13114&oz=13114007&cb=0.0&ct=9999999&mb=0&mt=9999999&et=9999999&cn=9999999&shkr1=03&shkr2=03&shkr3=03&shkr4=03&sngz=&po1=25&pc=50&page=2
93,"
 
","




","
											2階","

4.9万円
3000円

","

-
-

","

ワンルーム
9.62m2

","

動画
パノラマ

","



追加

追加

","
詳細を見る
												お問い合わせ
													(無料)

",Exsiting,https://suumo.jp/chintai/jnc_000024169070/?bc=100381366579,フェリスリップル,東京都中野区白鷺３,西武新宿線/鷺ノ宮駅 歩11分 --- 西武新宿線/下井草駅 歩10分 --- 西武池袋線/富士見台駅 歩23分,築8年,2階建,https://suumo.jp/jj/chintai/ichiran/FR301FC001/?ar=030&bs=040&ta=13&sc=13114&oz=13114007&cb=0.0&ct=9999999&mb=0&mt=9999999&et=9999999&cn=9999999&shkr1=03&shkr2=03&shkr3=03&shkr4=03&sngz=&po1=25&pc=50&page=2
94,"
 
","




","
											2階","

5万円
3000円

","

-
-

","

ワンルーム
9.31m2

","

動画
パノラマ

","



追加

追加

","
詳細を見る
												お問い合わせ
													(無料)

",Exsiting,https://suumo.jp/chintai/jnc_000024169070/?bc=100381366579,フェリスリップル,東京都中野区白鷺３,西武新宿線/鷺ノ宮駅 歩11分 --- 西武新宿線/下井草駅 歩10分 --- 西武池袋線/富士見台駅 歩23分,築8年,2階建,https://suumo.jp/jj/chintai/ichiran/FR301FC001/?ar=030&bs=040&ta=13&sc=13114&oz=13114007&cb=0.0&ct=9999999&mb=0&mt=9999999&et=9999999&cn=9999999&shkr1=03&shkr2=03&shkr3=03&shkr4=03&sngz=&po1=25&pc=50&page=2
95,"
 
","




","
											1階","

7.3万円
3000円

","

-
-

","

1K
19.35m2

","


","



追加

追加

","
詳細を見る
												お問い合わせ
													(無料)

",Exsiting,https://suumo.jp/chintai/jnc_000090504141/?bc=100380402610,西武新宿線 鷺ノ宮駅 2階建 築8年,東京都中野区白鷺２,西武新宿線/鷺ノ宮駅 歩10分 --- 西武新宿線/下井草駅 歩10分 --- ＪＲ中央線/阿佐ケ谷駅 歩20分,築8年,2階建,https://suumo.jp/jj/chintai/ichiran/FR301FC001/?ar=030&bs=040&ta=13&sc=13114&oz=13114007&cb=0.0&ct=9999999&mb=0&mt=9999999&et=9999999&cn=9999999&shkr1=03&shkr2=03&shkr3=03&shkr4=03&sngz=&po1=25&pc=50&page=2
96,"
 
","




","
											1階","

7.3万円
3500円

","

-
-

","

1K
19.35m2

","


","



追加

追加

","
詳細を見る
												お問い合わせ
													(無料)

",Exsiting,https://suumo.jp/chintai/jnc_000090504141/?bc=100380402610,西武新宿線 鷺ノ宮駅 2階建 築8年,東京都中野区白鷺２,西武新宿線/鷺ノ宮駅 歩10分 --- 西武新宿線/下井草駅 歩10分 --- ＪＲ中央線/阿佐ケ谷駅 歩20分,築8年,2階建,https://suumo.jp/jj/chintai/ichiran/FR301FC001/?ar=030&bs=040&ta=13&sc=13114&oz=13114007&cb=0.0&ct=9999999&mb=0&mt=9999999&et=9999999&cn=9999999&shkr1=03&shkr2=03&shkr3=03&shkr4=03&sngz=&po1=25&pc=50&page=2
97,"
 
","




","
											2階","

7.7万円
3500円

","

-
-

","

1K
19.35m2

","

動画
パノラマ

","



追加

追加

","
詳細を見る
												お問い合わせ
													(無料)

",Exsiting,https://suumo.jp/chintai/jnc_000090504141/?bc=100380402610,西武新宿線 鷺ノ宮駅 2階建 築8年,東京都中野区白鷺２,西武新宿線/鷺ノ宮駅 歩10分 --- 西武新宿線/下井草駅 歩10分 --- ＪＲ中央線/阿佐ケ谷駅 歩20分,築8年,2階建,https://suumo.jp/jj/chintai/ichiran/FR301FC001/?ar=030&bs=040&ta=13&sc=13114&oz=13114007&cb=0.0&ct=9999999&mb=0&mt=9999999&et=9999999&cn=9999999&shkr1=03&shkr2=03&shkr3=03&shkr4=03&sngz=&po1=25&pc=50&page=2
98,"
 
","




","
											1階","

4.9万円
3000円

","

-
-

","

ワンルーム
9.28m2

","


","



追加

追加

","
詳細を見る
												お問い合わせ
													(無料)

",Exsiting,https://suumo.jp/chintai/jnc_000089259714/?bc=100371473138,グレースリーブル,東京都中野区白鷺２,西武新宿線/鷺ノ宮駅 歩8分 --- 西武新宿線/都立家政駅 歩14分 --- 西武新宿線/下井草駅 歩17分,築12年,2階建,https://suumo.jp/jj/chintai/ichiran/FR301FC001/?ar=030&bs=040&ta=13&sc=13114&oz=13114007&cb=0.0&ct=9999999&mb=0&mt=9999999&et=9999999&cn=9999999&shkr1=03&shkr2=03&shkr3=03&shkr4=03&sngz=&po1=25&pc=50&page=2
99,"
 
","




","
											1階","

6.8万円
2000円

","

6.8万円
6.8万円

","

1K
18.4m2

","

動画
パノラマ

","



追加

追加

","
詳細を見る
												お問い合わせ
													(無料)

",Exsiting,https://suumo.jp/chintai/jnc_000023519882/?bc=100371493641,西武新宿線 鷺ノ宮駅 2階建 築8年,東京都中野区白鷺２,西武新宿線/鷺ノ宮駅 歩10分 --- 西武新宿線/下井草駅 歩12分 --- ＪＲ中央線/阿佐ケ谷駅 バス6分 (バス停)白鷺二丁目 歩5分,築8年,2階建,https://suumo.jp/jj/chintai/ichiran/FR301FC001/?ar=030&bs=040&ta=13&sc=13114&oz=13114007&cb=0.0&ct=9999999&mb=0&mt=9999999&et=9999999&cn=9999999&shkr1=03&shkr2=03&shkr3=03&shkr4=03&sngz=&po1=25&pc=50&page=2
100,"
 
","




","
											1階","

6.8万円
2000円

","

6.8万円
6.8万円

","

1K
18.4m2

","

動画
パノラマ

","



追加

追加

","
詳細を見る
												お問い合わせ
													(無料)

",Exsiting,https://suumo.jp/chintai/jnc_000023519876/?bc=100372366696,エルピア鷺ノ宮,東京都中野区白鷺２,西武新宿線/鷺ノ宮駅 歩10分 --- 西武新宿線/下井草駅 歩12分 --- ＪＲ中央線/阿佐ケ谷駅 バス6分 (バス停)白鷺二丁目 歩5分,築8年,2階建,https://suumo.jp/jj/chintai/ichiran/FR301FC001/?ar=030&bs=040&ta=13&sc=13114&oz=13114007&cb=0.0&ct=9999999&mb=0&mt=9999999&et=9999999&cn=9999999&shkr1=03&shkr2=03&shkr3=03&shkr4=03&sngz=&po1=25&pc=50&page=2
101,"
 
","




","
											1階","

15.2万円
25000円

","

30.4万円
30.4万円

","

1LDK
50.93m2

","


","



追加

追加

","
詳細を見る
												お問い合わせ
													(無料)

",Exsiting,https://suumo.jp/chintai/jnc_000083406203/?bc=100330335740,（シニア限定）ヘーベルヴィレッジ中野白鷺～Ｒｅｌａｃｈｅ　白鷺～,東京都中野区白鷺２,西武新宿線/鷺ノ宮駅 歩9分 --- ＪＲ中央線/阿佐ケ谷駅 バス6分 (バス停)白鷺１丁目 歩3分 --- 西武新宿線/都立家政駅 歩15分,築10年,2階建,https://suumo.jp/jj/chintai/ichiran/FR301FC001/?ar=030&bs=040&ta=13&sc=13114&oz=13114007&cb=0.0&ct=9999999&mb=0&mt=9999999&et=9999999&cn=9999999&shkr1=03&shkr2=03&shkr3=03&shkr4=03&sngz=&po1=25&pc=50&page=2
102,"
 
","




","
											1階","

15.5万円
25000円

","

31万円
31万円

","

2DK
52.11m2

","


","



追加

追加

","
詳細を見る
												お問い合わせ
													(無料)

",Exsiting,https://suumo.jp/chintai/jnc_000083406203/?bc=100330335740,（シニア限定）ヘーベルヴィレッジ中野白鷺～Ｒｅｌａｃｈｅ　白鷺～,東京都中野区白鷺２,西武新宿線/鷺ノ宮駅 歩9分 --- ＪＲ中央線/阿佐ケ谷駅 バス6分 (バス停)白鷺１丁目 歩3分 --- 西武新宿線/都立家政駅 歩15分,築10年,2階建,https://suumo.jp/jj/chintai/ichiran/FR301FC001/?ar=030&bs=040&ta=13&sc=13114&oz=13114007&cb=0.0&ct=9999999&mb=0&mt=9999999&et=9999999&cn=9999999&shkr1=03&shkr2=03&shkr3=03&shkr4=03&sngz=&po1=25&pc=50&page=2
103,"
 
","




","
											2階","

15.8万円
25000円

","

31.6万円
31.6万円

","

1LDK
50.93m2

","


","



追加

追加

","
詳細を見る
												お問い合わせ
													(無料)

",Exsiting,https://suumo.jp/chintai/jnc_000083406203/?bc=100330335740,（シニア限定）ヘーベルヴィレッジ中野白鷺～Ｒｅｌａｃｈｅ　白鷺～,東京都中野区白鷺２,西武新宿線/鷺ノ宮駅 歩9分 --- ＪＲ中央線/阿佐ケ谷駅 バス6分 (バス停)白鷺１丁目 歩3分 --- 西武新宿線/都立家政駅 歩15分,築10年,2階建,https://suumo.jp/jj/chintai/ichiran/FR301FC001/?ar=030&bs=040&ta=13&sc=13114&oz=13114007&cb=0.0&ct=9999999&mb=0&mt=9999999&et=9999999&cn=9999999&shkr1=03&shkr2=03&shkr3=03&shkr4=03&sngz=&po1=25&pc=50&page=2
104,"
 
","




","
											2階","

16万円
25000円

","

32万円
32万円

","

2DK
52.11m2

","


","



追加

追加

","
詳細を見る
												お問い合わせ
													(無料)

",Exsiting,https://suumo.jp/chintai/jnc_000083406203/?bc=100330335740,（シニア限定）ヘーベルヴィレッジ中野白鷺～Ｒｅｌａｃｈｅ　白鷺～,東京都中野区白鷺２,西武新宿線/鷺ノ宮駅 歩9分 --- ＪＲ中央線/阿佐ケ谷駅 バス6分 (バス停)白鷺１丁目 歩3分 --- 西武新宿線/都立家政駅 歩15分,築10年,2階建,https://suumo.jp/jj/chintai/ichiran/FR301FC001/?ar=030&bs=040&ta=13&sc=13114&oz=13114007&cb=0.0&ct=9999999&mb=0&mt=9999999&et=9999999&cn=9999999&shkr1=03&shkr2=03&shkr3=03&shkr4=03&sngz=&po1=25&pc=50&page=2
105,"
 
","




","
											2階","

4.9万円
3000円

","

-
-

","

ワンルーム
9.62m2

","

動画

","



追加

追加

","
詳細を見る
												お問い合わせ
													(無料)

",Exsiting,https://suumo.jp/chintai/jnc_000024451725/?bc=100374367660,西武新宿線 鷺ノ宮駅 2階建 築8年,東京都中野区白鷺３,西武新宿線/鷺ノ宮駅 歩11分 --- 西武新宿線/下井草駅 歩10分 --- 西武新宿線/都立家政駅 歩19分,築8年,2階建,https://suumo.jp/jj/chintai/ichiran/FR301FC001/?ar=030&bs=040&ta=13&sc=13114&oz=13114007&cb=0.0&ct=9999999&mb=0&mt=9999999&et=9999999&cn=9999999&shkr1=03&shkr2=03&shkr3=03&shkr4=03&sngz=&po1=25&pc=50&page=2
106,"
 
","




","
											1階","

7.3万円
3500円

","

-
-

","

1K
19.35m2

","


","



追加

追加

","
詳細を見る
												お問い合わせ
													(無料)

",Exsiting,https://suumo.jp/chintai/jnc_000090514910/?bc=100380452519,西武新宿線 鷺ノ宮駅 2階建 築9年,東京都中野区白鷺２,西武新宿線/鷺ノ宮駅 歩10分 --- 西武新宿線/下井草駅 歩10分 --- ＪＲ総武線/阿佐ケ谷駅 歩20分,築9年,2階建,https://suumo.jp/jj/chintai/ichiran/FR301FC001/?ar=030&bs=040&ta=13&sc=13114&oz=13114007&cb=0.0&ct=9999999&mb=0&mt=9999999&et=9999999&cn=9999999&shkr1=03&shkr2=03&shkr3=03&shkr4=03&sngz=&po1=25&pc=50&page=2
107,"
 
","




","
											3階","

8.5万円
3000円

","

8.5万円
8.5万円

","

ワンルーム
28.9m2

","

動画

","



追加

追加

","
詳細を見る
												お問い合わせ
													(無料)

",Exsiting,https://suumo.jp/chintai/jnc_000090224622/?bc=100378256111,西武新宿線 鷺ノ宮駅 4階建 築10年,東京都中野区白鷺２,西武新宿線/鷺ノ宮駅 歩7分 --- 西武新宿線/都立家政駅 歩13分 --- ＪＲ中央線/阿佐ケ谷駅 歩23分,築10年,4階建,https://suumo.jp/jj/chintai/ichiran/FR301FC001/?ar=030&bs=040&ta=13&sc=13114&oz=13114007&cb=0.0&ct=9999999&mb=0&mt=9999999&et=9999999&cn=9999999&shkr1=03&shkr2=03&shkr3=03&shkr4=03&sngz=&po1=25&pc=50&page=2
108,"
 
","




","
											3階","

8.5万円
3000円

","

8.5万円
8.5万円

","

ワンルーム
28.9m2

","

動画

","



追加

追加

","
詳細を見る
												お問い合わせ
													(無料)

",Exsiting,https://suumo.jp/chintai/jnc_000090215149/?bc=100378099144,Branche鷺ノ宮III,東京都中野区白鷺２,西武新宿線/鷺ノ宮駅 歩7分 --- 西武新宿線/都立家政駅 歩13分 --- ＪＲ中央線/阿佐ケ谷駅 歩23分,築10年,4階建,https://suumo.jp/jj/chintai/ichiran/FR301FC001/?ar=030&bs=040&ta=13&sc=13114&oz=13114007&cb=0.0&ct=9999999&mb=0&mt=9999999&et=9999999&cn=9999999&shkr1=03&shkr2=03&shkr3=03&shkr4=03&sngz=&po1=25&pc=50&page=2
109,"
 
","




","
											3階","

8.5万円
3000円

","

8.5万円
8.5万円

","

ワンルーム
28.9m2

","


","



追加

追加

","
詳細を見る
												お問い合わせ
													(無料)

",Exsiting,https://suumo.jp/chintai/jnc_000090215149/?bc=100378099144,Branche鷺ノ宮III,東京都中野区白鷺２,西武新宿線/鷺ノ宮駅 歩7分 --- 西武新宿線/都立家政駅 歩13分 --- ＪＲ中央線/阿佐ケ谷駅 歩23分,築10年,4階建,https://suumo.jp/jj/chintai/ichiran/FR301FC001/?ar=030&bs=040&ta=13&sc=13114&oz=13114007&cb=0.0&ct=9999999&mb=0&mt=9999999&et=9999999&cn=9999999&shkr1=03&shkr2=03&shkr3=03&shkr4=03&sngz=&po1=25&pc=50&page=2
110,"
 
","




","
											1階","

15.2万円
25000円

","

30.4万円
30.4万円

","

1LDK
50.93m2

","


","



追加

追加

","
詳細を見る
												お問い合わせ
													(無料)

",Exsiting,https://suumo.jp/chintai/jnc_000084735909/?bc=100360978932,西武新宿線 鷺ノ宮駅 2階建 築10年,東京都中野区白鷺２,西武新宿線/鷺ノ宮駅 歩9分 --- ＪＲ中央線/阿佐ケ谷駅 バス7分 (バス停)白鷺一丁目 歩2分 --- 西武池袋線/中村橋駅 バス10分 (バス停)白鷺一丁目 歩2分,築10年,2階建,https://suumo.jp/jj/chintai/ichiran/FR301FC001/?ar=030&bs=040&ta=13&sc=13114&oz=13114007&cb=0.0&ct=9999999&mb=0&mt=9999999&et=9999999&cn=9999999&shkr1=03&shkr2=03&shkr3=03&shkr4=03&sngz=&po1=25&pc=50&page=2
111,"
 
","




","
											2階","

15.8万円
25000円

","

31.6万円
31.6万円

","

1LDK
50.93m2

","


","



追加

追加

","
詳細を見る
												お問い合わせ
													(無料)

",Exsiting,https://suumo.jp/chintai/jnc_000084735909/?bc=100360978932,西武新宿線 鷺ノ宮駅 2階建 築10年,東京都中野区白鷺２,西武新宿線/鷺ノ宮駅 歩9分 --- ＪＲ中央線/阿佐ケ谷駅 バス7分 (バス停)白鷺一丁目 歩2分 --- 西武池袋線/中村橋駅 バス10分 (バス停)白鷺一丁目 歩2分,築10年,2階建,https://suumo.jp/jj/chintai/ichiran/FR301FC001/?ar=030&bs=040&ta=13&sc=13114&oz=13114007&cb=0.0&ct=9999999&mb=0&mt=9999999&et=9999999&cn=9999999&shkr1=03&shkr2=03&shkr3=03&shkr4=03&sngz=&po1=25&pc=50&page=2
112,"
 
","




","
											1階","

4.7万円
3000円

","

-
-

","

ワンルーム
9.15m2

","

動画
パノラマ

","



追加

追加

","
詳細を見る
												お問い合わせ
													(無料)

",New,https://suumo.jp/chintai/jnc_000016681415/?bc=100381029124,フェリススイートピー,東京都中野区白鷺１,西武新宿線/鷺ノ宮駅 歩6分 --- 西武新宿線/都立家政駅 歩12分 --- 西武池袋線/中村橋駅 バス18分 (バス停)白鷺二丁目 歩2分,築8年,2階建,https://suumo.jp/jj/chintai/ichiran/FR301FC001/?ar=030&bs=040&ta=13&sc=13114&oz=13114007&cb=0.0&ct=9999999&mb=0&mt=9999999&et=9999999&cn=9999999&shkr1=03&shkr2=03&shkr3=03&shkr4=03&sngz=&po1=25&pc=50&page=2
113,"
 
","




","
											1階","

4.7万円
3000円

","

-
-

","

ワンルーム
9.08m2

","

動画
パノラマ

","



追加

追加

","
詳細を見る
												お問い合わせ
													(無料)

",New,https://suumo.jp/chintai/jnc_000016681415/?bc=100381029124,フェリススイートピー,東京都中野区白鷺１,西武新宿線/鷺ノ宮駅 歩6分 --- 西武新宿線/都立家政駅 歩12分 --- 西武池袋線/中村橋駅 バス18分 (バス停)白鷺二丁目 歩2分,築8年,2階建,https://suumo.jp/jj/chintai/ichiran/FR301FC001/?ar=030&bs=040&ta=13&sc=13114&oz=13114007&cb=0.0&ct=9999999&mb=0&mt=9999999&et=9999999&cn=9999999&shkr1=03&shkr2=03&shkr3=03&shkr4=03&sngz=&po1=25&pc=50&page=2
114,"
 
","




","
											2階","

5万円
3000円

","

-
-

","

ワンルーム
9.15m2

","


","



追加

追加

","
詳細を見る
												お問い合わせ
													(無料)

",Exsiting,https://suumo.jp/chintai/jnc_000016681415/?bc=100381029124,フェリススイートピー,東京都中野区白鷺１,西武新宿線/鷺ノ宮駅 歩6分 --- 西武新宿線/都立家政駅 歩12分 --- 西武池袋線/中村橋駅 バス18分 (バス停)白鷺二丁目 歩2分,築8年,2階建,https://suumo.jp/jj/chintai/ichiran/FR301FC001/?ar=030&bs=040&ta=13&sc=13114&oz=13114007&cb=0.0&ct=9999999&mb=0&mt=9999999&et=9999999&cn=9999999&shkr1=03&shkr2=03&shkr3=03&shkr4=03&sngz=&po1=25&pc=50&page=2
115,"
 
","




","
											1階","

4.9万円
3000円

","

-
-

","

ワンルーム
9.28m2

","


","



追加

追加

","
詳細を見る
												お問い合わせ
													(無料)

",Exsiting,https://suumo.jp/chintai/jnc_000089283811/?bc=100371525119,西武新宿線 鷺ノ宮駅 2階建 築12年,東京都中野区白鷺２,西武新宿線/鷺ノ宮駅 歩6分 --- 西武新宿線/都立家政駅 歩13分 --- 西武新宿線/下井草駅 歩18分,築12年,2階建,https://suumo.jp/jj/chintai/ichiran/FR301FC001/?ar=030&bs=040&ta=13&sc=13114&oz=13114007&cb=0.0&ct=9999999&mb=0&mt=9999999&et=9999999&cn=9999999&shkr1=03&shkr2=03&shkr3=03&shkr4=03&sngz=&po1=25&pc=50&page=2
116,"
 
","




","
											1階","

9.1万円
10000円

","

-
-

","

1K
25.49m2

","

パノラマ

","



追加

追加

","
詳細を見る
												お問い合わせ
													(無料)

",Exsiting,https://suumo.jp/chintai/jnc_000051052369/?bc=100379525462,西武新宿線 鷺ノ宮駅 9階建 築5年,東京都中野区白鷺２,西武新宿線/鷺ノ宮駅 歩9分 --- 西武新宿線/都立家政駅 歩15分 --- 西武新宿線/下井草駅 歩20分,築5年,9階建,https://suumo.jp/jj/chintai/ichiran/FR301FC001/?ar=030&bs=040&ta=13&sc=13114&oz=13114007&cb=0.0&ct=9999999&mb=0&mt=9999999&et=9999999&cn=9999999&shkr1=03&shkr2=03&shkr3=03&shkr4=03&sngz=&po1=25&pc=50&page=2
117,"
 
","




","
											3階","

9.25万円
10000円

","

-
-

","

1K
25.47m2

","

動画

","



追加

追加

","
詳細を見る
												お問い合わせ
													(無料)

",Exsiting,https://suumo.jp/chintai/jnc_000051052369/?bc=100379525462,西武新宿線 鷺ノ宮駅 9階建 築5年,東京都中野区白鷺２,西武新宿線/鷺ノ宮駅 歩9分 --- 西武新宿線/都立家政駅 歩15分 --- 西武新宿線/下井草駅 歩20分,築5年,9階建,https://suumo.jp/jj/chintai/ichiran/FR301FC001/?ar=030&bs=040&ta=13&sc=13114&oz=13114007&cb=0.0&ct=9999999&mb=0&mt=9999999&et=9999999&cn=9999999&shkr1=03&shkr2=03&shkr3=03&shkr4=03&sngz=&po1=25&pc=50&page=2
118,"
 
","




","
											5階","

9.35万円
10000円

","

-
-

","

1K
25.49m2

","

動画

","



追加

追加

","
詳細を見る
												お問い合わせ
													(無料)

",Exsiting,https://suumo.jp/chintai/jnc_000051052369/?bc=100379525462,西武新宿線 鷺ノ宮駅 9階建 築5年,東京都中野区白鷺２,西武新宿線/鷺ノ宮駅 歩9分 --- 西武新宿線/都立家政駅 歩15分 --- 西武新宿線/下井草駅 歩20分,築5年,9階建,https://suumo.jp/jj/chintai/ichiran/FR301FC001/?ar=030&bs=040&ta=13&sc=13114&oz=13114007&cb=0.0&ct=9999999&mb=0&mt=9999999&et=9999999&cn=9999999&shkr1=03&shkr2=03&shkr3=03&shkr4=03&sngz=&po1=25&pc=50&page=2
119,"
 
","




","
											2階","

10.7万円
11000円

","

-
10.7万円

","

1K
25.43m2

","


","



追加

追加

","
詳細を見る
												お問い合わせ
													(無料)

",New,https://suumo.jp/chintai/jnc_000051052369/?bc=100379525462,西武新宿線 鷺ノ宮駅 9階建 築5年,東京都中野区白鷺２,西武新宿線/鷺ノ宮駅 歩9分 --- 西武新宿線/都立家政駅 歩15分 --- 西武新宿線/下井草駅 歩20分,築5年,9階建,https://suumo.jp/jj/chintai/ichiran/FR301FC001/?ar=030&bs=040&ta=13&sc=13114&oz=13114007&cb=0.0&ct=9999999&mb=0&mt=9999999&et=9999999&cn=9999999&shkr1=03&shkr2=03&shkr3=03&shkr4=03&sngz=&po1=25&pc=50&page=2
120,"
 
","




","
											3階","

10.8万円
11000円

","

-
10.8万円

","

1K
25.43m2

","


","



追加

追加

","
詳細を見る
												お問い合わせ
													(無料)

",New,https://suumo.jp/chintai/jnc_000051052369/?bc=100379525462,西武新宿線 鷺ノ宮駅 9階建 築5年,東京都中野区白鷺２,西武新宿線/鷺ノ宮駅 歩9分 --- 西武新宿線/都立家政駅 歩15分 --- 西武新宿線/下井草駅 歩20分,築5年,9階建,https://suumo.jp/jj/chintai/ichiran/FR301FC001/?ar=030&bs=040&ta=13&sc=13114&oz=13114007&cb=0.0&ct=9999999&mb=0&mt=9999999&et=9999999&cn=9999999&shkr1=03&shkr2=03&shkr3=03&shkr4=03&sngz=&po1=25&pc=50&page=2
121,"
 
","




","
											4階","

10.9万円
11000円

","

-
10.9万円

","

1K
25.64m2

","

動画

","



追加

追加

","
詳細を見る
												お問い合わせ
													(無料)

",Exsiting,https://suumo.jp/chintai/jnc_000051052369/?bc=100379525462,西武新宿線 鷺ノ宮駅 9階建 築5年,東京都中野区白鷺２,西武新宿線/鷺ノ宮駅 歩9分 --- 西武新宿線/都立家政駅 歩15分 --- 西武新宿線/下井草駅 歩20分,築5年,9階建,https://suumo.jp/jj/chintai/ichiran/FR301FC001/?ar=030&bs=040&ta=13&sc=13114&oz=13114007&cb=0.0&ct=9999999&mb=0&mt=9999999&et=9999999&cn=9999999&shkr1=03&shkr2=03&shkr3=03&shkr4=03&sngz=&po1=25&pc=50&page=2
122,"
 
","




","
											8階","

11万円
11000円

","

-
11万円

","

1K
25.54m2

","


","



追加

追加

","
詳細を見る
												お問い合わせ
													(無料)

",New,https://suumo.jp/chintai/jnc_000051052369/?bc=100379525462,西武新宿線 鷺ノ宮駅 9階建 築5年,東京都中野区白鷺２,西武新宿線/鷺ノ宮駅 歩9分 --- 西武新宿線/都立家政駅 歩15分 --- 西武新宿線/下井草駅 歩20分,築5年,9階建,https://suumo.jp/jj/chintai/ichiran/FR301FC001/?ar=030&bs=040&ta=13&sc=13114&oz=13114007&cb=0.0&ct=9999999&mb=0&mt=9999999&et=9999999&cn=9999999&shkr1=03&shkr2=03&shkr3=03&shkr4=03&sngz=&po1=25&pc=50&page=2
123,"
 
","




","
											2階","

11.1万円
11000円

","

-
11.1万円

","

1K
27.41m2

","


","



追加

追加

","
詳細を見る
												お問い合わせ
													(無料)

",Exsiting,https://suumo.jp/chintai/jnc_000051052369/?bc=100379525462,西武新宿線 鷺ノ宮駅 9階建 築5年,東京都中野区白鷺２,西武新宿線/鷺ノ宮駅 歩9分 --- 西武新宿線/都立家政駅 歩15分 --- 西武新宿線/下井草駅 歩20分,築5年,9階建,https://suumo.jp/jj/chintai/ichiran/FR301FC001/?ar=030&bs=040&ta=13&sc=13114&oz=13114007&cb=0.0&ct=9999999&mb=0&mt=9999999&et=9999999&cn=9999999&shkr1=03&shkr2=03&shkr3=03&shkr4=03&sngz=&po1=25&pc=50&page=2
124,"
 
","




","
											1階","

11.5万円
10000円

","

11.5万円
11.5万円

","

1LDK
38.11m2

","

動画
パノラマ

","



追加

追加

","
詳細を見る
												お問い合わせ
													(無料)

",Exsiting,https://suumo.jp/chintai/jnc_000090488378/?bc=100380600552,西武新宿線 鷺ノ宮駅 10階建 築7年,東京都中野区白鷺１,西武新宿線/鷺ノ宮駅 歩3分 --- 西武新宿線/都立家政駅 歩12分 --- 西武新宿線/下井草駅 歩20分,築7年,10階建,https://suumo.jp/jj/chintai/ichiran/FR301FC001/?ar=030&bs=040&ta=13&sc=13114&oz=13114007&cb=0.0&ct=9999999&mb=0&mt=9999999&et=9999999&cn=9999999&shkr1=03&shkr2=03&shkr3=03&shkr4=03&sngz=&po1=25&pc=50&page=2
125,"
 
","




","
											1階","

12万円
10000円

","

12万円
12万円

","

1LDK
39.8m2

","


","



追加

追加

","
詳細を見る
												お問い合わせ
													(無料)

",New,https://suumo.jp/chintai/jnc_000090488378/?bc=100380600552,西武新宿線 鷺ノ宮駅 10階建 築7年,東京都中野区白鷺１,西武新宿線/鷺ノ宮駅 歩3分 --- 西武新宿線/都立家政駅 歩12分 --- 西武新宿線/下井草駅 歩20分,築7年,10階建,https://suumo.jp/jj/chintai/ichiran/FR301FC001/?ar=030&bs=040&ta=13&sc=13114&oz=13114007&cb=0.0&ct=9999999&mb=0&mt=9999999&et=9999999&cn=9999999&shkr1=03&shkr2=03&shkr3=03&shkr4=03&sngz=&po1=25&pc=50&page=2
126,"
 
","




","
											7階","

16.4万円
12000円

","

16.4万円
16.4万円

","

2LDK
50.21m2

","


","



追加

追加

","
詳細を見る
												お問い合わせ
													(無料)

",Exsiting,https://suumo.jp/chintai/jnc_000090488378/?bc=100380600552,西武新宿線 鷺ノ宮駅 10階建 築7年,東京都中野区白鷺１,西武新宿線/鷺ノ宮駅 歩3分 --- 西武新宿線/都立家政駅 歩12分 --- 西武新宿線/下井草駅 歩20分,築7年,10階建,https://suumo.jp/jj/chintai/ichiran/FR301FC001/?ar=030&bs=040&ta=13&sc=13114&oz=13114007&cb=0.0&ct=9999999&mb=0&mt=9999999&et=9999999&cn=9999999&shkr1=03&shkr2=03&shkr3=03&shkr4=03&sngz=&po1=25&pc=50&page=2
127,"
 
","




","
											8階","

17万円
12000円

","

17万円
17万円

","

2LDK
54.38m2

","

動画

","



追加

追加

","
詳細を見る
												お問い合わせ
													(無料)

",Exsiting,https://suumo.jp/chintai/jnc_000090488378/?bc=100380600552,西武新宿線 鷺ノ宮駅 10階建 築7年,東京都中野区白鷺１,西武新宿線/鷺ノ宮駅 歩3分 --- 西武新宿線/都立家政駅 歩12分 --- 西武新宿線/下井草駅 歩20分,築7年,10階建,https://suumo.jp/jj/chintai/ichiran/FR301FC001/?ar=030&bs=040&ta=13&sc=13114&oz=13114007&cb=0.0&ct=9999999&mb=0&mt=9999999&et=9999999&cn=9999999&shkr1=03&shkr2=03&shkr3=03&shkr4=03&sngz=&po1=25&pc=50&page=2
128,"
 
","




","
											1-3階","

12.5万円
5500円

","

12.5万円
12.5万円

","

2DK
51.13m2

","


","



追加

追加

","
詳細を見る
												お問い合わせ
													(無料)

",Exsiting,https://suumo.jp/chintai/jnc_000089907404/?bc=100376013569,西武新宿線 下井草駅 3階建 築7年,東京都中野区白鷺３,西武新宿線/下井草駅 歩10分 --- 西武新宿線/鷺ノ宮駅 歩14分 --- 西武新宿線/都立家政駅 歩20分,築7年,3階建,https://suumo.jp/jj/chintai/ichiran/FR301FC001/?ar=030&bs=040&ta=13&sc=13114&oz=13114007&cb=0.0&ct=9999999&mb=0&mt=9999999&et=9999999&cn=9999999&shkr1=03&shkr2=03&shkr3=03&shkr4=03&sngz=&po1=25&pc=50&page=2
129,"
 
","




","
											2階","

6.98万円
9800円

","

-
-

","

ワンルーム
21.17m2

","


","



追加

追加

","
詳細を見る
												お問い合わせ
													(無料)

",New,https://suumo.jp/chintai/jnc_000074120732/?bc=100381494330,スカイヒルズ鷺ノ宮,東京都中野区白鷺２,西武新宿線/鷺ノ宮駅 歩8分 --- ＪＲ中央線/阿佐ケ谷駅 歩20分 --- ＪＲ総武線/高円寺駅 歩25分,築5年,5階建,https://suumo.jp/jj/chintai/ichiran/FR301FC001/?ar=030&bs=040&ta=13&sc=13114&oz=13114007&cb=0.0&ct=9999999&mb=0&mt=9999999&et=9999999&cn=9999999&shkr1=03&shkr2=03&shkr3=03&shkr4=03&sngz=&po1=25&pc=50&page=2
130,"
 
","




","
											2階","

6.98万円
9800円

","

-
-

","

ワンルーム
21.17m2

","

動画

","



追加

追加

","
詳細を見る
												お問い合わせ
													(無料)

",New,https://suumo.jp/chintai/jnc_000074139839/?bc=100381645748,西武新宿線 鷺ノ宮駅 5階建 築5年,東京都中野区白鷺２,西武新宿線/鷺ノ宮駅 歩8分 --- ＪＲ中央線/阿佐ケ谷駅 歩20分 --- 西武新宿線/都立家政駅 歩13分,築5年,5階建,https://suumo.jp/jj/chintai/ichiran/FR301FC001/?ar=030&bs=040&ta=13&sc=13114&oz=13114007&cb=0.0&ct=9999999&mb=0&mt=9999999&et=9999999&cn=9999999&shkr1=03&shkr2=03&shkr3=03&shkr4=03&sngz=&po1=25&pc=50&page=2
131,"
 
","




","
											3階","

9.25万円
10000円

","

-
-

","

1K
25.47m2

","


","



追加

追加

","
詳細を見る
												お問い合わせ
													(無料)

",Exsiting,https://suumo.jp/chintai/jnc_000051069840/?bc=100380076684,ジェノヴィア鷺ノ宮スカイガーデン,東京都中野区白鷺２,西武新宿線/鷺ノ宮駅 歩8分 --- 西武新宿線/都立家政駅 歩14分 --- 西武新宿線/下井草駅 歩19分,築5年,9階建,https://suumo.jp/jj/chintai/ichiran/FR301FC001/?ar=030&bs=040&ta=13&sc=13114&oz=13114007&cb=0.0&ct=9999999&mb=0&mt=9999999&et=9999999&cn=9999999&shkr1=03&shkr2=03&shkr3=03&shkr4=03&sngz=&po1=25&pc=50&page=2
132,"
 
","




","
											5階","

9.35万円
10000円

","

-
-

","

1K
25.49m2

","


","



追加

追加

","
詳細を見る
												お問い合わせ
													(無料)

",Exsiting,https://suumo.jp/chintai/jnc_000051069840/?bc=100380076684,ジェノヴィア鷺ノ宮スカイガーデン,東京都中野区白鷺２,西武新宿線/鷺ノ宮駅 歩8分 --- 西武新宿線/都立家政駅 歩14分 --- 西武新宿線/下井草駅 歩19分,築5年,9階建,https://suumo.jp/jj/chintai/ichiran/FR301FC001/?ar=030&bs=040&ta=13&sc=13114&oz=13114007&cb=0.0&ct=9999999&mb=0&mt=9999999&et=9999999&cn=9999999&shkr1=03&shkr2=03&shkr3=03&shkr4=03&sngz=&po1=25&pc=50&page=2
133,"
 
","




","
											2階","

10.7万円
11000円

","

-
10.7万円

","

1K
25.43m2

","

動画

","



追加

追加

","
詳細を見る
												お問い合わせ
													(無料)

",New,https://suumo.jp/chintai/jnc_000051069840/?bc=100380076684,ジェノヴィア鷺ノ宮スカイガーデン,東京都中野区白鷺２,西武新宿線/鷺ノ宮駅 歩8分 --- 西武新宿線/都立家政駅 歩14分 --- 西武新宿線/下井草駅 歩19分,築5年,9階建,https://suumo.jp/jj/chintai/ichiran/FR301FC001/?ar=030&bs=040&ta=13&sc=13114&oz=13114007&cb=0.0&ct=9999999&mb=0&mt=9999999&et=9999999&cn=9999999&shkr1=03&shkr2=03&shkr3=03&shkr4=03&sngz=&po1=25&pc=50&page=2
134,"
 
","




","
											3階","

10.8万円
11000円

","

-
10.8万円

","

1K
25.43m2

","

動画

","



追加

追加

","
詳細を見る
												お問い合わせ
													(無料)

",New,https://suumo.jp/chintai/jnc_000051069840/?bc=100380076684,ジェノヴィア鷺ノ宮スカイガーデン,東京都中野区白鷺２,西武新宿線/鷺ノ宮駅 歩8分 --- 西武新宿線/都立家政駅 歩14分 --- 西武新宿線/下井草駅 歩19分,築5年,9階建,https://suumo.jp/jj/chintai/ichiran/FR301FC001/?ar=030&bs=040&ta=13&sc=13114&oz=13114007&cb=0.0&ct=9999999&mb=0&mt=9999999&et=9999999&cn=9999999&shkr1=03&shkr2=03&shkr3=03&shkr4=03&sngz=&po1=25&pc=50&page=2
135,"
 
","




","
											4階","

10.9万円
11000円

","

-
10.9万円

","

1K
25.64m2

","


","



追加

追加

","
詳細を見る
												お問い合わせ
													(無料)

",Exsiting,https://suumo.jp/chintai/jnc_000051069840/?bc=100380076684,ジェノヴィア鷺ノ宮スカイガーデン,東京都中野区白鷺２,西武新宿線/鷺ノ宮駅 歩8分 --- 西武新宿線/都立家政駅 歩14分 --- 西武新宿線/下井草駅 歩19分,築5年,9階建,https://suumo.jp/jj/chintai/ichiran/FR301FC001/?ar=030&bs=040&ta=13&sc=13114&oz=13114007&cb=0.0&ct=9999999&mb=0&mt=9999999&et=9999999&cn=9999999&shkr1=03&shkr2=03&shkr3=03&shkr4=03&sngz=&po1=25&pc=50&page=2
136,"
 
","




","
											8階","

11万円
11000円

","

-
11万円

","

1K
25.54m2

","

動画

","



追加

追加

","
詳細を見る
												お問い合わせ
													(無料)

",New,https://suumo.jp/chintai/jnc_000051069840/?bc=100380076684,ジェノヴィア鷺ノ宮スカイガーデン,東京都中野区白鷺２,西武新宿線/鷺ノ宮駅 歩8分 --- 西武新宿線/都立家政駅 歩14分 --- 西武新宿線/下井草駅 歩19分,築5年,9階建,https://suumo.jp/jj/chintai/ichiran/FR301FC001/?ar=030&bs=040&ta=13&sc=13114&oz=13114007&cb=0.0&ct=9999999&mb=0&mt=9999999&et=9999999&cn=9999999&shkr1=03&shkr2=03&shkr3=03&shkr4=03&sngz=&po1=25&pc=50&page=2
137,"
 
","




","
											2階","

11.1万円
11000円

","

-
11.1万円

","

1K
27.41m2

","


","



追加

追加

","
詳細を見る
												お問い合わせ
													(無料)

",Exsiting,https://suumo.jp/chintai/jnc_000051069840/?bc=100380076684,ジェノヴィア鷺ノ宮スカイガーデン,東京都中野区白鷺２,西武新宿線/鷺ノ宮駅 歩8分 --- 西武新宿線/都立家政駅 歩14分 --- 西武新宿線/下井草駅 歩19分,築5年,9階建,https://suumo.jp/jj/chintai/ichiran/FR301FC001/?ar=030&bs=040&ta=13&sc=13114&oz=13114007&cb=0.0&ct=9999999&mb=0&mt=9999999&et=9999999&cn=9999999&shkr1=03&shkr2=03&shkr3=03&shkr4=03&sngz=&po1=25&pc=50&page=2
138,"
 
","




","
											3階","

8.9万円
8000円

","

8.9万円
4.45万円

","

1DK
26.51m2

","


","



追加

追加

","
詳細を見る
												お問い合わせ
													(無料)

",New,https://suumo.jp/chintai/jnc_000090625305/?bc=100381214709,ビバリーホームズ鷺宮,東京都中野区白鷺３,西武新宿線/下井草駅 歩8分 --- 西武新宿線/鷺ノ宮駅 歩10分 --- 西武新宿線/都立家政駅 歩18分,築7年,地下1地上3階建,https://suumo.jp/jj/chintai/ichiran/FR301FC001/?ar=030&bs=040&ta=13&sc=13114&oz=13114007&cb=0.0&ct=9999999&mb=0&mt=9999999&et=9999999&cn=9999999&shkr1=03&shkr2=03&shkr3=03&shkr4=03&sngz=&po1=25&pc=50&page=2
139,"
 
","




","
											3階","

9.2万円
8000円

","

9.2万円
9.2万円

","

1DK
26.51m2

","


","



追加

追加

","
詳細を見る
												お問い合わせ
													(無料)

",Exsiting,https://suumo.jp/chintai/jnc_000090625305/?bc=100381214709,ビバリーホームズ鷺宮,東京都中野区白鷺３,西武新宿線/下井草駅 歩8分 --- 西武新宿線/鷺ノ宮駅 歩10分 --- 西武新宿線/都立家政駅 歩18分,築7年,地下1地上3階建,https://suumo.jp/jj/chintai/ichiran/FR301FC001/?ar=030&bs=040&ta=13&sc=13114&oz=13114007&cb=0.0&ct=9999999&mb=0&mt=9999999&et=9999999&cn=9999999&shkr1=03&shkr2=03&shkr3=03&shkr4=03&sngz=&po1=25&pc=50&page=2
140,"
 
","




","
											1階","

4.9万円
3000円

","

-
-

","

ワンルーム
10.55m2

","

動画
パノラマ

","



追加

追加

","
詳細を見る
												お問い合わせ
													(無料)

",Exsiting,https://suumo.jp/chintai/jnc_000038042634/?bc=100377578696,フェリスパルフェ,東京都中野区白鷺１,西武新宿線/鷺ノ宮駅 歩4分 --- 西武新宿線/都立家政駅 歩10分 --- ＪＲ中央線/阿佐ケ谷駅 バス7分 (バス停)白鷺一丁目 歩8分,築10年,2階建,https://suumo.jp/jj/chintai/ichiran/FR301FC001/?ar=030&bs=040&ta=13&sc=13114&oz=13114007&cb=0.0&ct=9999999&mb=0&mt=9999999&et=9999999&cn=9999999&shkr1=03&shkr2=03&shkr3=03&shkr4=03&sngz=&po1=25&pc=50&page=2
141,"
 
","




","
											2階","

4.5万円
3000円

","

-
-

","

ワンルーム
9.08m2

","


","



追加

追加

","
詳細を見る
												お問い合わせ
													(無料)

",Exsiting,https://suumo.jp/chintai/jnc_000075560126/?bc=100365961823,フェリスポピー,東京都中野区白鷺１,西武新宿線/鷺ノ宮駅 歩6分 --- 西武新宿線/都立家政駅 歩10分 --- ＪＲ総武線/阿佐ケ谷駅 歩23分,築8年,2階建,https://suumo.jp/jj/chintai/ichiran/FR301FC001/?ar=030&bs=040&ta=13&sc=13114&oz=13114007&cb=0.0&ct=9999999&mb=0&mt=9999999&et=9999999&cn=9999999&shkr1=03&shkr2=03&shkr3=03&shkr4=03&sngz=&po1=25&pc=50&page=2
142,"
 
","




","
											2階","

4.6万円
3000円

","

-
-

","

ワンルーム
9.31m2

","


","



追加

追加

","
詳細を見る
												お問い合わせ
													(無料)

",New,https://suumo.jp/chintai/jnc_000075560126/?bc=100365961823,フェリスポピー,東京都中野区白鷺１,西武新宿線/鷺ノ宮駅 歩6分 --- 西武新宿線/都立家政駅 歩10分 --- ＪＲ総武線/阿佐ケ谷駅 歩23分,築8年,2階建,https://suumo.jp/jj/chintai/ichiran/FR301FC001/?ar=030&bs=040&ta=13&sc=13114&oz=13114007&cb=0.0&ct=9999999&mb=0&mt=9999999&et=9999999&cn=9999999&shkr1=03&shkr2=03&shkr3=03&shkr4=03&sngz=&po1=25&pc=50&page=2
143,"
 
","




","
											1階","

4.7万円
3000円

","

-
-

","

ワンルーム
9.15m2

","


","



追加

追加

","
詳細を見る
												お問い合わせ
													(無料)

",New,https://suumo.jp/chintai/jnc_000044156508/?bc=100381431140,西武新宿線 鷺ノ宮駅 2階建 築8年,東京都中野区白鷺１,西武新宿線/鷺ノ宮駅 歩6分 --- 西武新宿線/都立家政駅 歩12分 --- 西武新宿線/下井草駅 歩20分,築8年,2階建,https://suumo.jp/jj/chintai/ichiran/FR301FC001/?ar=030&bs=040&ta=13&sc=13114&oz=13114007&cb=0.0&ct=9999999&mb=0&mt=9999999&et=9999999&cn=9999999&shkr1=03&shkr2=03&shkr3=03&shkr4=03&sngz=&po1=25&pc=50&page=2
144,"
 
","




","
											2階","

5万円
3000円

","

-
-

","

ワンルーム
9.15m2

","


","



追加

追加

","
詳細を見る
												お問い合わせ
													(無料)

",New,https://suumo.jp/chintai/jnc_000044156508/?bc=100381431140,西武新宿線 鷺ノ宮駅 2階建 築8年,東京都中野区白鷺１,西武新宿線/鷺ノ宮駅 歩6分 --- 西武新宿線/都立家政駅 歩12分 --- 西武新宿線/下井草駅 歩20分,築8年,2階建,https://suumo.jp/jj/chintai/ichiran/FR301FC001/?ar=030&bs=040&ta=13&sc=13114&oz=13114007&cb=0.0&ct=9999999&mb=0&mt=9999999&et=9999999&cn=9999999&shkr1=03&shkr2=03&shkr3=03&shkr4=03&sngz=&po1=25&pc=50&page=2
145,"
 
","




","
											1階","

12.4万円
4500円

","

6.2万円
6.2万円

","

1LDK
40.62m2

","


","



追加

追加

","
詳細を見る
												お問い合わせ
													(無料)

",Exsiting,https://suumo.jp/chintai/jnc_000090045716/?bc=100369659029,ブリックオー,東京都中野区白鷺１,西武新宿線/鷺ノ宮駅 歩7分 --- 西武新宿線/都立家政駅 歩12分 --- ＪＲ中央線/阿佐ケ谷駅 歩21分,築5年,2階建,https://suumo.jp/jj/chintai/ichiran/FR301FC001/?ar=030&bs=040&ta=13&sc=13114&oz=13114007&cb=0.0&ct=9999999&mb=0&mt=9999999&et=9999999&cn=9999999&shkr1=03&shkr2=03&shkr3=03&shkr4=03&sngz=&po1=25&pc=50&page=2
146,"
 
","




","
											1階","

12.4万円
4500円

","

6.2万円
6.2万円

","

1LDK
40.55m2

","


","



追加

追加

","
詳細を見る
												お問い合わせ
													(無料)

",Exsiting,https://suumo.jp/chintai/jnc_000090045716/?bc=100369659029,ブリックオー,東京都中野区白鷺１,西武新宿線/鷺ノ宮駅 歩7分 --- 西武新宿線/都立家政駅 歩12分 --- ＪＲ中央線/阿佐ケ谷駅 歩21分,築5年,2階建,https://suumo.jp/jj/chintai/ichiran/FR301FC001/?ar=030&bs=040&ta=13&sc=13114&oz=13114007&cb=0.0&ct=9999999&mb=0&mt=9999999&et=9999999&cn=9999999&shkr1=03&shkr2=03&shkr3=03&shkr4=03&sngz=&po1=25&pc=50&page=2
147,"
 
","




","
											1階","

12.5万円
4500円

","

12.5万円
25万円

","

1LDK
40.55m2

","


","



追加

追加

","
詳細を見る
												お問い合わせ
													(無料)

",Exsiting,https://suumo.jp/chintai/jnc_000090045716/?bc=100369659029,ブリックオー,東京都中野区白鷺１,西武新宿線/鷺ノ宮駅 歩7分 --- 西武新宿線/都立家政駅 歩12分 --- ＪＲ中央線/阿佐ケ谷駅 歩21分,築5年,2階建,https://suumo.jp/jj/chintai/ichiran/FR301FC001/?ar=030&bs=040&ta=13&sc=13114&oz=13114007&cb=0.0&ct=9999999&mb=0&mt=9999999&et=9999999&cn=9999999&shkr1=03&shkr2=03&shkr3=03&shkr4=03&sngz=&po1=25&pc=50&page=2
148,"
 
","




","
											2階","

5.8万円
4000円

","

-
5.8万円

","

ワンルーム
12.7m2

","

動画
パノラマ

","



追加

追加

","
詳細を見る
												お問い合わせ
													(無料)

",New,https://suumo.jp/chintai/jnc_000084465321/?bc=100381674965,ホワイトアイランド,東京都中野区白鷺２,西武新宿線/鷺ノ宮駅 歩10分 --- ＪＲ中央線/阿佐ケ谷駅 歩20分 --- 西武新宿線/下井草駅 歩16分,築1年,2階建,https://suumo.jp/jj/chintai/ichiran/FR301FC001/?ar=030&bs=040&ta=13&sc=13114&oz=13114007&cb=0.0&ct=9999999&mb=0&mt=9999999&et=9999999&cn=9999999&shkr1=03&shkr2=03&shkr3=03&shkr4=03&sngz=&po1=25&pc=50&page=2
149,"
 
","




","
											2階","

5.8万円
4000円

","

-
5.8万円

","

ワンルーム
12.7m2

","


","



追加

追加

","
詳細を見る
												お問い合わせ
													(無料)

",Exsiting,https://suumo.jp/chintai/jnc_000084465321/?bc=100381674965,ホワイトアイランド,東京都中野区白鷺２,西武新宿線/鷺ノ宮駅 歩10分 --- ＪＲ中央線/阿佐ケ谷駅 歩20分 --- 西武新宿線/下井草駅 歩16分,築1年,2階建,https://suumo.jp/jj/chintai/ichiran/FR301FC001/?ar=030&bs=040&ta=13&sc=13114&oz=13114007&cb=0.0&ct=9999999&mb=0&mt=9999999&et=9999999&cn=9999999&shkr1=03&shkr2=03&shkr3=03&shkr4=03&sngz=&po1=25&pc=50&page=2
150,"
 
","




","
											1階","

5.9万円
4000円

","

-
5.9万円

","

ワンルーム
13.36m2

","


","



追加

追加

","
詳細を見る
												お問い合わせ
													(無料)

",Exsiting,https://suumo.jp/chintai/jnc_000084465321/?bc=100381674965,ホワイトアイランド,東京都中野区白鷺２,西武新宿線/鷺ノ宮駅 歩10分 --- ＪＲ中央線/阿佐ケ谷駅 歩20分 --- 西武新宿線/下井草駅 歩16分,築1年,2階建,https://suumo.jp/jj/chintai/ichiran/FR301FC001/?ar=030&bs=040&ta=13&sc=13114&oz=13114007&cb=0.0&ct=9999999&mb=0&mt=9999999&et=9999999&cn=9999999&shkr1=03&shkr2=03&shkr3=03&shkr4=03&sngz=&po1=25&pc=50&page=2
151,"
 
","




","
											1階","

10万円
11000円

","

-
10万円

","

ワンルーム
25.6m2

","

動画

","



追加

追加

","
詳細を見る
												お問い合わせ
													(無料)

",Exsiting,https://suumo.jp/chintai/jnc_000087002029/?bc=100303990230,西武新宿線 鷺ノ宮駅 4階建 築5年,東京都中野区白鷺３,西武新宿線/鷺ノ宮駅 歩10分 --- 西武新宿線/下井草駅 歩8分 --- ＪＲ中央線/阿佐ケ谷駅 歩30分,築5年,4階建,https://suumo.jp/jj/chintai/ichiran/FR301FC001/?ar=030&bs=040&ta=13&sc=13114&oz=13114007&cb=0.0&ct=9999999&mb=0&mt=9999999&et=9999999&cn=9999999&shkr1=03&shkr2=03&shkr3=03&shkr4=03&sngz=&po1=25&pc=50&page=2
152,"
 
","




","
											1階","

10万円
11000円

","

-
10万円

","

ワンルーム
25.6m2

","

動画

","



追加

追加

","
詳細を見る
												お問い合わせ
													(無料)

",Exsiting,https://suumo.jp/chintai/jnc_000086958716/?bc=100365437160,アンベリール中野鷺宮,東京都中野区白鷺３,西武新宿線/鷺ノ宮駅 歩10分 --- 西武新宿線/下井草駅 歩8分 --- ＪＲ総武線/阿佐ケ谷駅 歩30分,築5年,4階建,https://suumo.jp/jj/chintai/ichiran/FR301FC001/?ar=030&bs=040&ta=13&sc=13114&oz=13114007&cb=0.0&ct=9999999&mb=0&mt=9999999&et=9999999&cn=9999999&shkr1=03&shkr2=03&shkr3=03&shkr4=03&sngz=&po1=25&pc=50&page=2
153,"
 
","




","
											5階","

9.35万円
10000円

","

-
-

","

1K
25.49m2

","


","



追加

追加

","
詳細を見る
												お問い合わせ
													(無料)

",Exsiting,https://suumo.jp/chintai/jnc_000090468351/?bc=100380015558,西武新宿線 鷺ノ宮駅 9階建 築6年,東京都中野区白鷺２,西武新宿線/鷺ノ宮駅 歩9分 --- 西武新宿線/都立家政駅 歩15分 --- 西武新宿線/下井草駅 歩19分,築6年,9階建,https://suumo.jp/jj/chintai/ichiran/FR301FC001/?ar=030&bs=040&ta=13&sc=13114&oz=13114007&cb=0.0&ct=9999999&mb=0&mt=9999999&et=9999999&cn=9999999&shkr1=03&shkr2=03&shkr3=03&shkr4=03&sngz=&po1=25&pc=50&page=2
154,"
 
","




","
											2階","

4.5万円
3000円

","

-
-

","

ワンルーム
9.08m2

","

動画

","



追加

追加

","
詳細を見る
												お問い合わせ
													(無料)

",Exsiting,https://suumo.jp/chintai/jnc_000075543517/?bc=100349522149,西武新宿線 鷺ノ宮駅 2階建 築8年,東京都中野区白鷺１,西武新宿線/鷺ノ宮駅 歩6分 --- 西武新宿線/都立家政駅 歩10分 --- 西武新宿線/下井草駅 歩16分,築8年,2階建,https://suumo.jp/jj/chintai/ichiran/FR301FC001/?ar=030&bs=040&ta=13&sc=13114&oz=13114007&cb=0.0&ct=9999999&mb=0&mt=9999999&et=9999999&cn=9999999&shkr1=03&shkr2=03&shkr3=03&shkr4=03&sngz=&po1=25&pc=50&page=2
155,"
 
","




","
											2階","

4.9万円
3000円

","

-
-

","

ワンルーム
9.08m2

","


","



追加

追加

","
詳細を見る
												お問い合わせ
													(無料)

",Exsiting,https://suumo.jp/chintai/jnc_000075543517/?bc=100349522149,西武新宿線 鷺ノ宮駅 2階建 築8年,東京都中野区白鷺１,西武新宿線/鷺ノ宮駅 歩6分 --- 西武新宿線/都立家政駅 歩10分 --- 西武新宿線/下井草駅 歩16分,築8年,2階建,https://suumo.jp/jj/chintai/ichiran/FR301FC001/?ar=030&bs=040&ta=13&sc=13114&oz=13114007&cb=0.0&ct=9999999&mb=0&mt=9999999&et=9999999&cn=9999999&shkr1=03&shkr2=03&shkr3=03&shkr4=03&sngz=&po1=25&pc=50&page=2
156,"
 
","




","
											1階","

12.4万円
4500円

","

6.2万円
6.2万円

","

1LDK
40.62m2

","


","



追加

追加

","
詳細を見る
												お問い合わせ
													(無料)

",Exsiting,https://suumo.jp/chintai/jnc_000090054838/?bc=100369210355,西武新宿線 鷺ノ宮駅 2階建 築5年,東京都中野区白鷺１,西武新宿線/鷺ノ宮駅 歩7分 --- ＪＲ中央線/阿佐ケ谷駅 歩21分 --- 西武新宿線/都立家政駅 歩12分,築5年,2階建,https://suumo.jp/jj/chintai/ichiran/FR301FC001/?ar=030&bs=040&ta=13&sc=13114&oz=13114007&cb=0.0&ct=9999999&mb=0&mt=9999999&et=9999999&cn=9999999&shkr1=03&shkr2=03&shkr3=03&shkr4=03&sngz=&po1=25&pc=50&page=2
157,"
 
","




","
											1階","

12.4万円
4500円

","

6.2万円
6.2万円

","

1LDK
40.55m2

","

パノラマ

","



追加

追加

","
詳細を見る
												お問い合わせ
													(無料)

",Exsiting,https://suumo.jp/chintai/jnc_000090054838/?bc=100369210355,西武新宿線 鷺ノ宮駅 2階建 築5年,東京都中野区白鷺１,西武新宿線/鷺ノ宮駅 歩7分 --- ＪＲ中央線/阿佐ケ谷駅 歩21分 --- 西武新宿線/都立家政駅 歩12分,築5年,2階建,https://suumo.jp/jj/chintai/ichiran/FR301FC001/?ar=030&bs=040&ta=13&sc=13114&oz=13114007&cb=0.0&ct=9999999&mb=0&mt=9999999&et=9999999&cn=9999999&shkr1=03&shkr2=03&shkr3=03&shkr4=03&sngz=&po1=25&pc=50&page=2
158,"
 
","




","
											7階","

16.4万円
12000円

","

16.4万円
16.4万円

","

2LDK
50.21m2

","


","



追加

追加

","
詳細を見る
												お問い合わせ
													(無料)

",Exsiting,https://suumo.jp/chintai/jnc_000090658917/?bc=100374866989,西武新宿線 鷺ノ宮駅 10階建 築8年,東京都中野区白鷺１,西武新宿線/鷺ノ宮駅 歩5分 --- 西武新宿線/都立家政駅 歩10分 --- 西武新宿線/下井草駅 歩20分,築8年,10階建,https://suumo.jp/jj/chintai/ichiran/FR301FC001/?ar=030&bs=040&ta=13&sc=13114&oz=13114007&cb=0.0&ct=9999999&mb=0&mt=9999999&et=9999999&cn=9999999&shkr1=03&shkr2=03&shkr3=03&shkr4=03&sngz=&po1=25&pc=50&page=2
159,"
 
","




","
											2階","

8.2万円
3000円

","

8.2万円
8.2万円

","

1K
25.84m2

","


","



追加

追加

","
詳細を見る
												お問い合わせ
													(無料)

",Exsiting,https://suumo.jp/chintai/jnc_000058993015/?bc=100379443582,Laputa,東京都中野区白鷺１,西武新宿線/鷺ノ宮駅 歩6分 --- ＪＲ中央線/阿佐ケ谷駅 歩21分 --- ＪＲ総武線/阿佐ケ谷駅 歩21分,築8年,2階建,https://suumo.jp/jj/chintai/ichiran/FR301FC001/?ar=030&bs=040&ta=13&sc=13114&oz=13114007&cb=0.0&ct=9999999&mb=0&mt=9999999&et=9999999&cn=9999999&shkr1=03&shkr2=03&shkr3=03&shkr4=03&sngz=&po1=25&pc=50&page=2
160,"
 
","




","
											1階","

4.7万円
3000円

","

-
-

","

ワンルーム
9.38m2

","


","



追加

追加

","
詳細を見る
												お問い合わせ
													(無料)

",Exsiting,https://suumo.jp/chintai/jnc_000084533764/?bc=100338891208,フェリスメイプル,東京都中野区白鷺１,西武新宿線/鷺ノ宮駅 歩5分 --- 西武新宿線/都立家政駅 歩10分 --- ＪＲ総武線/阿佐ケ谷駅 歩23分,築8年,2階建,https://suumo.jp/jj/chintai/ichiran/FR301FC001/?ar=030&bs=040&ta=13&sc=13114&oz=13114007&cb=0.0&ct=9999999&mb=0&mt=9999999&et=9999999&cn=9999999&shkr1=03&shkr2=03&shkr3=03&shkr4=03&sngz=&po1=25&pc=50&page=2
161,"
 
","




","
											8階","

17万円
12000円

","

17万円
17万円

","

2LDK
54.38m2

","


","



追加

追加

","
詳細を見る
												お問い合わせ
													(無料)

",Exsiting,https://suumo.jp/chintai/jnc_000090537111/?bc=100380519075,西武新宿線 鷺ノ宮駅 10階建 築8年,東京都中野区白鷺１,西武新宿線/鷺ノ宮駅 歩3分 --- 西武新宿線/都立家政駅 歩10分 --- 西武新宿線/下井草駅 歩20分,築8年,10階建,https://suumo.jp/jj/chintai/ichiran/FR301FC001/?ar=030&bs=040&ta=13&sc=13114&oz=13114007&cb=0.0&ct=9999999&mb=0&mt=9999999&et=9999999&cn=9999999&shkr1=03&shkr2=03&shkr3=03&shkr4=03&sngz=&po1=25&pc=50&page=3
162,"
 
","




","
											1階","

15.9万円
4000円

","

15.9万円
23.85万円

","

2LDK
49.75m2

","

動画

","



追加

追加

","
詳細を見る
												お問い合わせ
													(無料)

",Exsiting,https://suumo.jp/chintai/jnc_000090523618/?bc=100230436482,シャーメゾン恵,東京都中野区白鷺３,西武新宿線/下井草駅 歩7分 --- 西武新宿線/鷺ノ宮駅 歩15分 --- ＪＲ中央線/阿佐ケ谷駅 バス11分 (バス停)下井草郵便局 歩5分,築4年,2階建,https://suumo.jp/jj/chintai/ichiran/FR301FC001/?ar=030&bs=040&ta=13&sc=13114&oz=13114007&cb=0.0&ct=9999999&mb=0&mt=9999999&et=9999999&cn=9999999&shkr1=03&shkr2=03&shkr3=03&shkr4=03&sngz=&po1=25&pc=50&page=3
163,"
 
","




","
											1階","

11.5万円
10000円

","

11.5万円
11.5万円

","

1LDK
38.11m2

","


","



追加

追加

","
詳細を見る
												お問い合わせ
													(無料)

",Exsiting,https://suumo.jp/chintai/jnc_000090523617/?bc=100380533687,西武新宿線 鷺ノ宮駅 10階建 築7年,東京都中野区白鷺１,西武新宿線/鷺ノ宮駅 歩3分 --- ＪＲ中央線/阿佐ケ谷駅 歩25分 --- 西武池袋線/中村橋駅 歩25分,築7年,10階建,https://suumo.jp/jj/chintai/ichiran/FR301FC001/?ar=030&bs=040&ta=13&sc=13114&oz=13114007&cb=0.0&ct=9999999&mb=0&mt=9999999&et=9999999&cn=9999999&shkr1=03&shkr2=03&shkr3=03&shkr4=03&sngz=&po1=25&pc=50&page=3
164,"
 
","




","
											7階","

16.4万円
12000円

","

16.4万円
16.4万円

","

2LDK
50.21m2

","


","



追加

追加

","
詳細を見る
												お問い合わせ
													(無料)

",Exsiting,https://suumo.jp/chintai/jnc_000090523617/?bc=100380533687,西武新宿線 鷺ノ宮駅 10階建 築7年,東京都中野区白鷺１,西武新宿線/鷺ノ宮駅 歩3分 --- ＪＲ中央線/阿佐ケ谷駅 歩25分 --- 西武池袋線/中村橋駅 歩25分,築7年,10階建,https://suumo.jp/jj/chintai/ichiran/FR301FC001/?ar=030&bs=040&ta=13&sc=13114&oz=13114007&cb=0.0&ct=9999999&mb=0&mt=9999999&et=9999999&cn=9999999&shkr1=03&shkr2=03&shkr3=03&shkr4=03&sngz=&po1=25&pc=50&page=3
165,"
 
","




","
											8階","

17万円
12000円

","

17万円
17万円

","

2LDK
54.38m2

","


","



追加

追加

","
詳細を見る
												お問い合わせ
													(無料)

",Exsiting,https://suumo.jp/chintai/jnc_000090381817/?bc=100379367131,emilive(エミリブ)鷺ノ宮,東京都中野区白鷺１,西武新宿線/鷺ノ宮駅 歩3分 --- ＪＲ中央線/阿佐ケ谷駅 歩25分 --- 西武池袋線/中村橋駅 歩25分,築7年,10階建,https://suumo.jp/jj/chintai/ichiran/FR301FC001/?ar=030&bs=040&ta=13&sc=13114&oz=13114007&cb=0.0&ct=9999999&mb=0&mt=9999999&et=9999999&cn=9999999&shkr1=03&shkr2=03&shkr3=03&shkr4=03&sngz=&po1=25&pc=50&page=3
166,"
 
","




","
											3階","

14.6万円
24000円

","

29.2万円
29.2万円

","

1LDK
44.1m2

","


","



追加

追加

","
詳細を見る
												お問い合わせ
													(無料)

",Exsiting,https://suumo.jp/chintai/jnc_000089605813/?bc=100373772545,（シニア限定）ヘーベルヴィレッジ鷺ノ宮,東京都中野区白鷺１,西武新宿線/鷺ノ宮駅 歩5分 --- 西武新宿線/都立家政駅 歩11分 --- 西武新宿線/下井草駅 歩18分,築5年,3階建,https://suumo.jp/jj/chintai/ichiran/FR301FC001/?ar=030&bs=040&ta=13&sc=13114&oz=13114007&cb=0.0&ct=9999999&mb=0&mt=9999999&et=9999999&cn=9999999&shkr1=03&shkr2=03&shkr3=03&shkr4=03&sngz=&po1=25&pc=50&page=3
167,"
 
","




","
											1階","

15万円
33000円

","

45万円
30万円

","

1LDK
47.72m2

","


","



追加

追加

","
詳細を見る
												お問い合わせ
													(無料)

",Exsiting,https://suumo.jp/chintai/jnc_000089630045/?bc=100374037838,（シニア限定）ドメーヌ・クリザンテム,東京都中野区白鷺２,西武新宿線/鷺ノ宮駅 歩4分 --- 西武新宿線/都立家政駅 歩11分 --- 西武池袋線/中村橋駅 歩23分,新築,3階建,https://suumo.jp/jj/chintai/ichiran/FR301FC001/?ar=030&bs=040&ta=13&sc=13114&oz=13114007&cb=0.0&ct=9999999&mb=0&mt=9999999&et=9999999&cn=9999999&shkr1=03&shkr2=03&shkr3=03&shkr4=03&sngz=&po1=25&pc=50&page=3
168,"
 
","




","
											3階","

19万円
33000円

","

57万円
38万円

","

2LDK
53.53m2

","


","



追加

追加

","
詳細を見る
												お問い合わせ
													(無料)

",Exsiting,https://suumo.jp/chintai/jnc_000089630045/?bc=100374037838,（シニア限定）ドメーヌ・クリザンテム,東京都中野区白鷺２,西武新宿線/鷺ノ宮駅 歩4分 --- 西武新宿線/都立家政駅 歩11分 --- 西武池袋線/中村橋駅 歩23分,新築,3階建,https://suumo.jp/jj/chintai/ichiran/FR301FC001/?ar=030&bs=040&ta=13&sc=13114&oz=13114007&cb=0.0&ct=9999999&mb=0&mt=9999999&et=9999999&cn=9999999&shkr1=03&shkr2=03&shkr3=03&shkr4=03&sngz=&po1=25&pc=50&page=3
169,"
 
","




","
											1階","

19.1万円
33000円

","

57.3万円
38.2万円

","

2LDK
61.43m2

","


","



追加

追加

","
詳細を見る
												お問い合わせ
													(無料)

",New,https://suumo.jp/chintai/jnc_000089630045/?bc=100374037838,（シニア限定）ドメーヌ・クリザンテム,東京都中野区白鷺２,西武新宿線/鷺ノ宮駅 歩4分 --- 西武新宿線/都立家政駅 歩11分 --- 西武池袋線/中村橋駅 歩23分,新築,3階建,https://suumo.jp/jj/chintai/ichiran/FR301FC001/?ar=030&bs=040&ta=13&sc=13114&oz=13114007&cb=0.0&ct=9999999&mb=0&mt=9999999&et=9999999&cn=9999999&shkr1=03&shkr2=03&shkr3=03&shkr4=03&sngz=&po1=25&pc=50&page=3
170,"
 
","




","
											2階","

20.3万円
33000円

","

60.9万円
40.6万円

","

2LDK
61.43m2

","


","



追加

追加

","
詳細を見る
												お問い合わせ
													(無料)

",Exsiting,https://suumo.jp/chintai/jnc_000089630045/?bc=100374037838,（シニア限定）ドメーヌ・クリザンテム,東京都中野区白鷺２,西武新宿線/鷺ノ宮駅 歩4分 --- 西武新宿線/都立家政駅 歩11分 --- 西武池袋線/中村橋駅 歩23分,新築,3階建,https://suumo.jp/jj/chintai/ichiran/FR301FC001/?ar=030&bs=040&ta=13&sc=13114&oz=13114007&cb=0.0&ct=9999999&mb=0&mt=9999999&et=9999999&cn=9999999&shkr1=03&shkr2=03&shkr3=03&shkr4=03&sngz=&po1=25&pc=50&page=3
171,"
 
","




","
											3階","

21万円
33000円

","

63万円
42万円

","

2LDK
61.64m2

","


","



追加

追加

","
詳細を見る
												お問い合わせ
													(無料)

",Exsiting,https://suumo.jp/chintai/jnc_000089630045/?bc=100374037838,（シニア限定）ドメーヌ・クリザンテム,東京都中野区白鷺２,西武新宿線/鷺ノ宮駅 歩4分 --- 西武新宿線/都立家政駅 歩11分 --- 西武池袋線/中村橋駅 歩23分,新築,3階建,https://suumo.jp/jj/chintai/ichiran/FR301FC001/?ar=030&bs=040&ta=13&sc=13114&oz=13114007&cb=0.0&ct=9999999&mb=0&mt=9999999&et=9999999&cn=9999999&shkr1=03&shkr2=03&shkr3=03&shkr4=03&sngz=&po1=25&pc=50&page=3
172,"
 
","




","
											1階","

5.85万円
4000円

","

-
5.85万円

","

ワンルーム
13.7m2

","


","



追加

追加

","
詳細を見る
												お問い合わせ
													(無料)

",Exsiting,https://suumo.jp/chintai/jnc_000090344598/?bc=100379060928,西武新宿線 下井草駅 2階建 築2年,東京都中野区白鷺３,西武新宿線/下井草駅 歩6分 --- 西武新宿線/鷺ノ宮駅 歩14分 --- 西武新宿線/井荻駅 歩16分,築2年,2階建,https://suumo.jp/jj/chintai/ichiran/FR301FC001/?ar=030&bs=040&ta=13&sc=13114&oz=13114007&cb=0.0&ct=9999999&mb=0&mt=9999999&et=9999999&cn=9999999&shkr1=03&shkr2=03&shkr3=03&shkr4=03&sngz=&po1=25&pc=50&page=3
